,Make_x,Model,Body Type,Jan,Feb,Mar,Apr,May,Jun,Jul,Aug,Sep,Oct,Nov,Dec,Total Sales,Unnamed: 0.1,Unnamed: 0,Make_y,Origin,DriveTrain,MSRP,Invoice,EngineSize,Cylinders,Horsepower,MPG_City,MPG_Highway,Weight,Wheelbase,Length,Sum
0,Acura,ILX,Sedan,62,65,124,116,93,73,70,68,58,59,39,43,870,7.0,440.0,Acura,,,32462.695454545454,29732.477272727272,,,,,,,,,13900.0
1,Acura,MDX,SUV,93,389,782,611,550,501,347,516,309,406,303,275,5082,0.0,0.0,Acura,Asia,All,36945.0,33337.0,3.5,6.0,265.0,17.0,23.0,4451.0,106.0,189.0,60057.0
2,Acura,NSX,2 Door Coupe,0,2,3,5,5,1,1,2,3,0,1,0,23,6.0,6.0,Acura,Asia,Rear,89765.0,79978.0,3.2,6.0,290.0,17.0,24.0,3153.0,100.0,174.0,124.0
3,Acura,RDX,SUV,443,466,650,552,607,738,747,720,788,854,661,750,7976,5.0,5.0,Acura,Asia,Front,46100.0,41100.0,3.5,6.0,225.0,18.0,24.0,3893.0,115.0,197.0,57013.0
4,Acura,RLX,Sedan,0,0,1,0,0,0,0,0,1,0,0,0,2,4.0,4.0,Acura,Asia,Front,43755.0,39014.0,3.5,6.0,225.0,18.0,24.0,3880.0,115.0,197.0,214.0
5,Acura,TLX,Sedan,111,112,309,0,1,0,391,249,225,143,155,85,1781,,,,,,,,,,,,,,,,
6,Alfa Romeo,4C,2 Door Coupe,1,1,1,3,3,3,0,0,0,0,0,0,12,,,,,,,,,,,,,,,,
7,Alfa Romeo,Giulia,Sedan,12,12,14,26,25,26,15,14,15,14,14,14,201,,,,,,,,,,,,,,,,
8,Alfa Romeo,Stelvio,SUV,42,42,48,59,57,59,68,65,68,67,67,67,709,,,,,,,,,,,,,,,,
9,Audi,A3,Sedan,40,40,45,2,2,2,0,0,0,98,98,98,425,27.0,447.0,Audi,,,32462.695454545454,29732.477272727272,,,,,,,,,2387.0
10,Audi,A4,Sedan,113,113,127,224,216,224,117,113,117,46,46,46,1502,8.0,7.0,Audi,Europe,Front,25940.0,23508.0,1.8,4.0,170.0,22.0,31.0,3252.0,104.0,179.0,16263.0
11,Audi,A4,Sedan,113,113,127,224,216,224,117,113,117,46,46,46,1502,9.0,8.0,Audi,Europe,Front,31840.0,28846.0,3.0,6.0,220.0,20.0,28.0,3462.0,104.0,179.0,16263.0
12,Audi,A4,Sedan,113,113,127,224,216,224,117,113,117,46,46,46,1502,10.0,9.0,Audi,Europe,All,33430.0,30366.0,3.0,6.0,220.0,17.0,26.0,3583.0,104.0,179.0,16263.0
13,Audi,A4,Sedan,113,113,127,224,216,224,117,113,117,46,46,46,1502,11.0,10.0,Audi,Europe,All,34480.0,31388.0,3.0,6.0,220.0,18.0,25.0,3627.0,104.0,179.0,16263.0
14,Audi,A4,Sedan,113,113,127,224,216,224,117,113,117,46,46,46,1502,12.0,11.0,Audi,Europe,Front,42490.0,38325.0,3.0,6.0,220.0,20.0,27.0,3814.0,105.0,180.0,16263.0
15,Audi,A4,Sedan,113,113,127,224,216,224,117,113,117,46,46,46,1502,13.0,12.0,Audi,Europe,All,44240.0,40075.0,3.0,6.0,220.0,18.0,25.0,4013.0,105.0,180.0,16263.0
16,Audi,A5,Sedan,181,181,204,431,414,431,177,170,177,85,85,85,2621,28.0,448.0,Audi,,,32462.695454545454,29732.477272727272,,,,,,,,,17128.0
17,Audi,A6,Sedan,95,95,107,91,87,91,34,33,34,32,32,32,763,15.0,14.0,Audi,Europe,Front,36640.0,33129.0,3.0,6.0,220.0,20.0,27.0,3561.0,109.0,192.0,9543.0
18,Audi,A6,Sedan,95,95,107,91,87,91,34,33,34,32,32,32,763,16.0,15.0,Audi,Europe,All,39640.0,35992.0,3.0,6.0,220.0,18.0,25.0,3880.0,109.0,192.0,9543.0
19,Audi,A6,Sedan,95,95,107,91,87,91,34,33,34,32,32,32,763,17.0,16.0,Audi,Europe,All,42840.0,38840.0,2.7,6.0,250.0,18.0,25.0,3836.0,109.0,192.0,9543.0
20,Audi,A6,Sedan,95,95,107,91,87,91,34,33,34,32,32,32,763,18.0,17.0,Audi,Europe,All,49690.0,44936.0,4.2,8.0,300.0,17.0,24.0,4024.0,109.0,193.0,9543.0
21,Audi,A6,Sedan,95,95,107,91,87,91,34,33,34,32,32,32,763,19.0,18.0,Audi,Europe,All,40840.0,37060.0,3.0,6.0,220.0,18.0,25.0,4035.0,109.0,192.0,9543.0
22,Audi,A7,Sedan,37,37,42,60,57,60,17,16,17,16,16,16,391,29.0,449.0,Audi,,,32462.695454545454,29732.477272727272,,,,,,,,,3080.0
23,Audi,A8,Sedan,6,6,6,8,7,8,6,6,6,3,3,3,68,20.0,19.0,Audi,Europe,All,69190.0,64740.0,4.2,8.0,330.0,17.0,24.0,4399.0,121.0,204.0,2068.0
24,Audi,e-Tron GT,Sedan,45,45,51,1,1,1,97,95,97,91,91,91,706,,,,,,,,,,,,,,,,
25,Audi,Q3,SUV,553,553,622,843,810,843,581,559,581,574,574,574,7667,33.0,453.0,Audi,,,32462.695454545454,29732.477272727272,,,,,,,,,34464.0
26,Audi,Q5,SUV,623,623,701,1268,1219,1268,814,784,814,618,618,618,9968,36.0,456.0,Audi,,,32462.695454545454,29732.477272727272,,,,,,,,,60299.0
27,Audi,Q7,SUV,210,210,236,303,292,303,254,244,254,111,111,111,2639,37.0,457.0,Audi,,,32462.695454545454,29732.477272727272,,,,,,,,,25363.0
28,Audi,Q8,SUV,130,130,146,211,203,211,114,110,114,35,35,35,1474,38.0,458.0,Audi,,,32462.695454545454,29732.477272727272,,,,,,,,,12539.0
29,Audi,R8,2 Door Coupe,12,12,13,19,18,19,8,8,8,10,10,10,147,39.0,459.0,Audi,,,32462.695454545454,29732.477272727272,,,,,,,,,648.0
30,Audi,TT,2 Door Coupe,11,11,12,34,33,34,16,15,16,3,3,3,191,24.0,23.0,Audi,Europe,Front,35940.0,32512.0,1.8,4.0,180.0,20.0,28.0,3131.0,95.0,159.0,987.0
31,Audi,TT,2 Door Coupe,11,11,12,34,33,34,16,15,16,3,3,3,191,25.0,24.0,Audi,Europe,All,37390.0,33891.0,1.8,4.0,225.0,20.0,28.0,2921.0,96.0,159.0,987.0
32,Audi,TT,2 Door Coupe,11,11,12,34,33,34,16,15,16,3,3,3,191,26.0,25.0,Audi,Europe,All,40590.0,36739.0,3.2,6.0,250.0,21.0,29.0,3351.0,96.0,159.0,987.0
33,BMW,2-Series,2 Door Coupe,152,152,171,237,228,237,214,206,214,78,78,78,2045,60.0,460.0,BMW,,,32462.695454545454,29732.477272727272,,,,,,,,,15684.0
34,BMW,3-Series,Sedan,287,287,323,453,436,543,403,388,403,305,305,305,4438,,,,,,,,,,,,,,,,
35,BMW,4-Series,2 Door Coupe,127,127,143,221,213,221,141,136,141,110,110,110,1800,61.0,462.0,BMW,,,32462.695454545454,29732.477272727272,,,,,,,,,22938.0
36,BMW,5-Series,Sedan,85,85,95,87,84,87,92,88,92,48,48,48,939,,,,,,,,,,,,,,,,
37,BMW,7-Series,Sedan,13,13,15,15,14,15,17,17,17,15,15,15,181,63.0,465.0,BMW,,,32462.695454545454,29732.477272727272,,,,,,,,,7705.0
38,BMW,8-Series,2 Door Coupe,47,47,53,65,62,65,39,38,39,25,25,25,530,64.0,466.0,BMW,,,32462.695454545454,29732.477272727272,,,,,,,,,7763.0
39,BMW,i3,Sedan,7,7,8,11,11,11,19,18,19,22,22,22,177,65.0,467.0,BMW,,,32462.695454545454,29732.477272727272,,,,,,,,,1476.0
40,BMW,X1,SUV,188,188,212,347,334,347,189,182,189,142,142,142,2602,67.0,469.0,BMW,,,32462.695454545454,29732.477272727272,,,,,,,,,18255.0
41,BMW,X2,SUV,44,44,49,121,116,121,85,82,85,52,52,52,903,68.0,470.0,BMW,,,32462.695454545454,29732.477272727272,,,,,,,,,6563.0
42,BMW,X3,SUV,404,404,455,627,603,627,656,632,656,813,813,813,7503,40.0,26.0,BMW,Europe,All,37000.0,33873.0,3.0,6.0,225.0,16.0,23.0,4023.0,110.0,180.0,75858.0
43,BMW,X4,SUV,84,84,95,139,133,139,152,147,152,146,46,146,1463,69.0,471.0,BMW,,,32462.695454545454,29732.477272727272,,,,,,,,,10622.0
44,BMW,X5,SUV,323,323,364,518,498,518,561,540,561,493,493,493,5685,41.0,27.0,BMW,Europe,All,52195.0,47720.0,4.4,8.0,325.0,16.0,22.0,4824.0,111.0,184.0,60724.0
45,BMW,X6,SUV,72,72,81,113,108,113,122,118,122,96,96,96,1209,70.0,472.0,BMW,,,32462.695454545454,29732.477272727272,,,,,,,,,9590.0
46,BMW,X7,SUV,76,76,86,96,92,96,91,88,91,54,54,54,954,71.0,473.0,BMW,,,32462.695454545454,29732.477272727272,,,,,,,,,23046.0
47,BMW,Z4,2 Door Coupe,9,9,10,30,29,30,21,20,21,10,10,10,209,58.0,44.0,BMW,Europe,Rear,33895.0,31065.0,2.5,6.0,184.0,20.0,28.0,2932.0,98.0,161.0,2412.0
48,BMW,Z4,2 Door Coupe,9,9,10,30,29,30,21,20,21,10,10,10,209,59.0,45.0,BMW,Europe,Rear,41045.0,37575.0,3.0,6.0,225.0,21.0,29.0,2998.0,98.0,161.0,2412.0
49,Buick,Enclave,SUV,167,167,188,253,243,253,175,168,175,127,127,127,2170,81.0,474.0,Buick,,,32462.695454545454,29732.477272727272,,,,,,,,,42340.0
50,Buick,Encore,SUV,723,723,813,972,942,972,790,768,790,576,576,576,9221,82.0,475.0,Buick,,,32462.695454545454,29732.477272727272,,,,,,,,,20438.0
51,Buick,Encore,SUV,723,723,813,972,942,972,790,768,790,576,576,576,9221,83.0,476.0,Buick,,,32462.695454545454,29732.477272727272,,,,,,,,,72401.0
52,Buick,Envision,SUV,187,187,211,414,398,414,593,571,593,241,241,241,4291,84.0,477.0,Buick,,,32462.695454545454,29732.477272727272,,,,,,,,,47173.0
53,Buick,LaCrosse,Sedan,2,2,2,1,1,1,0,0,0,0,0,0,9,85.0,478.0,Buick,,,32462.695454545454,29732.477272727272,,,,,,,,,9.0
54,Buick,Regal,Sedan,5,5,6,1,1,1,0,0,0,0,0,0,19,77.0,51.0,Buick,USA,Front,24895.0,22835.0,3.8,6.0,200.0,20.0,30.0,3461.0,109.0,196.0,19.0
55,Buick,Regal,Sedan,5,5,6,1,1,1,0,0,0,0,0,0,19,78.0,52.0,Buick,USA,Front,28345.0,26047.0,3.8,6.0,240.0,18.0,28.0,3536.0,109.0,196.0,19.0
56,Cadillac,CT4,Sedan,63,63,71,81,78,81,68,65,68,29,29,29,725,94.0,479.0,Cadillac,,,32462.695454545454,29732.477272727272,,,,,,,,,7254.0
57,Cadillac,CT5,Sedan,95,95,107,100,96,100,63,60,63,49,49,49,926,95.0,480.0,Cadillac,,,32462.695454545454,29732.477272727272,,,,,,,,,9448.0
58,Cadillac,CT6,Sedan,0,0,0,1,1,1,0,0,0,0,0,0,3,96.0,481.0,Cadillac,,,32462.695454545454,29732.477272727272,,,,,,,,,103.0
59,Cadillac,CTS,Sedan,2,2,2,1,1,1,0,0,0,0,0,0,9,89.0,58.0,Cadillac,USA,Rear,30835.0,28575.0,3.6,6.0,255.0,18.0,25.0,3694.0,113.0,190.0,68.0
60,Cadillac,Escalade,SUV,217,217,244,343,330,343,380,366,380,208,208,208,3444,86.0,55.0,Cadillac,USA,Front,52795.0,48377.0,5.3,8.0,295.0,14.0,18.0,5367.0,116.0,199.0,40504.0
61,Cadillac,Escalade,SUV,217,217,244,343,330,343,380,366,380,208,208,208,3444,87.0,56.0,Cadillac,USA,All,52975.0,48541.0,6.0,8.0,345.0,13.0,17.0,5879.0,130.0,221.0,40504.0
62,Cadillac,XT4,SUV,299,299,337,294,282,294,80,77,80,53,53,53,2201,97.0,482.0,Cadillac,,,32462.695454545454,29732.477272727272,,,,,,,,,11576.0
63,Cadillac,XT5,SUV,378,378,425,575,553,575,293,282,293,196,196,196,4340,98.0,483.0,Cadillac,,,32462.695454545454,29732.477272727272,,,,,,,,,28378.0
64,Cadillac,XT6,SUV,146,146,164,175,168,175,136,131,136,82,82,82,1623,99.0,484.0,Cadillac,,,32462.695454545454,29732.477272727272,,,,,,,,,20663.0
65,Cadillac,XTS,Sedan,1,1,1,0,0,0,0,0,0,0,0,0,3,,,,,,,,,,,,,,,,
66,Chevrolet,Blazer,SUV,320,320,360,334,321,334,217,209,217,263,263,263,3421,127.0,485.0,Chevrolet,,,32462.695454545454,29732.477272727272,,,,,,,,,70323.0
67,Chevrolet,Bolt,Sedan,516,516,581,632,607,632,402,387,402,0,0,0,4675,128.0,486.0,Chevrolet,,,32462.695454545454,29732.477272727272,,,,,,,,,24827.0
68,Chevrolet,Camaro,2 Door Coupe,113,113,127,87,83,87,95,92,95,101,101,101,1195,129.0,487.0,Chevrolet,,,32462.695454545454,29732.477272727272,,,,,,,,,21893.0
69,Chevrolet,Colorado,Truck,626,626,704,452,435,452,406,391,406,358,358,358,5572,123.0,86.0,Chevrolet,USA,All,18760.0,17070.0,2.8,4.0,175.0,18.0,23.0,3623.0,111.0,192.0,73008.0
70,Chevrolet,Corvette,2 Door Coupe,90,90,101,295,283,295,247,238,247,125,125,125,2261,120.0,83.0,Chevrolet,USA,Rear,44535.0,39068.0,5.7,8.0,350.0,18.0,25.0,3246.0,105.0,180.0,33042.0
71,Chevrolet,Corvette,2 Door Coupe,90,90,101,295,283,295,247,238,247,125,125,125,2261,121.0,84.0,Chevrolet,USA,Rear,51535.0,45193.0,5.7,8.0,350.0,18.0,25.0,3248.0,105.0,180.0,33042.0
72,Chevrolet,Cruze,Sedan,2,2,2,2,2,2,0,0,0,0,0,0,12,,,,,,,,,,,,,,,,
73,Chevrolet,Equinox,SUV,836,836,941,781,751,781,867,835,867,393,393,393,8674,130.0,488.0,Chevrolet,,,32462.695454545454,29732.477272727272,,,,,,,,,165325.0
74,Chevrolet,Express, Commercial Van,256,256,288,99,95,99,93,90,93,148,148,148,1813,131.0,489.0,Chevrolet,,,32462.695454545454,29732.477272727272,,,,,,,,,44357.0
75,Chevrolet,Impala,Sedan,3,3,3,1,1,1,0,0,0,0,0,0,12,109.0,72.0,Chevrolet,USA,Front,21900.0,20095.0,3.4,6.0,180.0,21.0,32.0,3465.0,111.0,200.0,750.0
76,Chevrolet,Impala,Sedan,3,3,3,1,1,1,0,0,0,0,0,0,12,110.0,73.0,Chevrolet,USA,Front,25000.0,22931.0,3.8,6.0,200.0,20.0,30.0,3476.0,111.0,200.0,750.0
77,Chevrolet,Impala,Sedan,3,3,3,1,1,1,0,0,0,0,0,0,12,111.0,74.0,Chevrolet,USA,Front,27995.0,25672.0,3.8,6.0,240.0,18.0,28.0,3606.0,111.0,200.0,750.0
78,Chevrolet,Malibu,Sedan,241,241,271,155,149,155,47,46,47,87,87,87,1613,112.0,75.0,Chevrolet,USA,Front,18995.0,17434.0,2.2,4.0,145.0,24.0,34.0,3174.0,106.0,188.0,39376.0
79,Chevrolet,Malibu,Sedan,241,241,271,155,149,155,47,46,47,87,87,87,1613,113.0,76.0,Chevrolet,USA,Front,20370.0,18639.0,3.5,6.0,200.0,22.0,30.0,3297.0,106.0,188.0,39376.0
80,Chevrolet,Malibu,Sedan,241,241,271,155,149,155,47,46,47,87,87,87,1613,114.0,77.0,Chevrolet,USA,Front,23495.0,21551.0,3.5,6.0,200.0,23.0,32.0,3315.0,106.0,188.0,39376.0
81,Chevrolet,Malibu,Sedan,241,241,271,155,149,155,47,46,47,87,87,87,1613,115.0,78.0,Chevrolet,USA,Front,22225.0,20394.0,3.5,6.0,200.0,22.0,30.0,3458.0,112.0,188.0,39376.0
82,Chevrolet,Silverado,Truck,4633,4633,5212,221,213,221,3792,3652,3792,3350,3350,3350,36419,124.0,87.0,Chevrolet,USA,Rear,20310.0,18480.0,4.3,6.0,200.0,15.0,21.0,4142.0,119.0,206.0,529765.0
83,Chevrolet,Silverado,Truck,4633,4633,5212,221,213,221,3792,3652,3792,3350,3350,3350,36419,125.0,88.0,Chevrolet,USA,All,40340.0,35399.0,6.0,8.0,300.0,13.0,17.0,4804.0,144.0,238.0,529765.0
84,Chevrolet,Spark,Sedan,455,455,512,572,550,572,585,564,585,432,432,432,6146,133.0,491.0,Chevrolet,,,32462.695454545454,29732.477272727272,,,,,,,,,24460.0
85,Chevrolet,Suburban,SUV,174,174,196,221,213,221,223,215,223,173,173,173,2379,100.0,63.0,Chevrolet,USA,Front,42735.0,37422.0,5.3,8.0,295.0,14.0,18.0,4947.0,130.0,219.0,85159.0
86,Chevrolet,Tahoe,SUV,365,365,411,397,382,397,357,344,357,405,405,405,4590,101.0,64.0,Chevrolet,USA,All,41465.0,36287.0,5.3,8.0,295.0,14.0,18.0,5050.0,116.0,197.0,106019.0
87,Chevrolet,TrailBlazer,SUV,698,698,785,884,850,884,582,561,582,373,373,373,7643,102.0,65.0,Chevrolet,USA,Front,30295.0,27479.0,4.2,6.0,275.0,16.0,21.0,4425.0,113.0,192.0,90163.0
88,Chevrolet,Traverse,SUV,530,530,597,660,635,660,232,224,232,135,135,135,4705,134.0,492.0,Chevrolet,,,32462.695454545454,29732.477272727272,,,,,,,,,116251.0
89,Chevrolet,Trax,SUV,285,285,321,284,273,284,174,168,174,48,48,48,2392,135.0,493.0,Chevrolet,,,32462.695454545454,29732.477272727272,,,,,,,,,42590.0
90,Chrysler,300,Sedan,78,78,88,88,84,88,27,26,27,70,70,70,794,,,,,,,,,,,,,,,,
91,Chrysler,Grand Caravan,Minivan,218,218,245,208,200,208,381,367,381,99,99,99,2723,,,,,,,,,,,,,,,,
92,Chrysler,Pacifica,Minivan,459,459,516,302,290,302,539,519,539,194,194,194,4507,150.0,104.0,Chrysler,USA,Rear,31230.0,28725.0,3.5,6.0,250.0,17.0,23.0,4675.0,116.0,199.0,74970.0
93,Dodge,Challenger,2 Door Coupe,133,133,150,214,206,214,93,93,0,79,79,79,1473,166.0,496.0,Dodge,,,32462.695454545454,29732.477272727272,,,,,,,,,54315.0
94,Dodge,Charger,Sedan,203,203,228,224,215,224,78,75,0,133,133,133,1849,167.0,497.0,Dodge,,,32462.695454545454,29732.477272727272,,,,,,,,,78388.0
95,Dodge,Dart,Sedan,0,0,0,0,0,0,1,0,0,0,0,0,1,168.0,498.0,Dodge,,,32462.695454545454,29732.477272727272,,,,,,,,,10.0
96,Dodge,Durango,SUV,622,622,699,415,399,415,323,323,0,545,545,545,5453,153.0,105.0,Dodge,USA,All,32235.0,29472.0,4.7,8.0,230.0,15.0,21.0,4987.0,119.0,201.0,65936.0
97,Dodge,Grand Caravan,Minivan,1087,1087,1223,792,762,792,120,120,0,7,7,7,6004,,,,,,,,,,,,,,,,
98,Dodge,Journey,SUV,19,19,21,7,7,7,5,5,0,0,0,0,90,169.0,499.0,Dodge,,,32462.695454545454,29732.477272727272,,,,,,,,,14034.0
99,Fiat,124 Spider,2 Door Coupe,8,8,9,7,7,7,2,2,2,0,0,0,52,,,,,,,,,,,,,,,,
100,Fiat,500,Sedan,0,0,1,0,0,0,1,1,1,1,0,0,5,,,,,,,,,,,,,,,,
101,Fiat,500L,Sedan,0,0,0,1,1,1,0,0,0,0,0,0,3,172.0,502.0,Fiat,,,32462.695454545454,29732.477272727272,,,,,,,,,188.0
102,Fiat,500X,SUV,2,2,2,3,3,3,0,0,0,1,0,0,16,173.0,503.0,Fiat,,,32462.695454545454,29732.477272727272,,,,,,,,,1180.0
103,Ford,Bronco,SUV,484,484,544,1879,1807,1879,1129,1087,1129,3441,3441,3441,20745,199.0,504.0,Ford,,,32462.695454545454,29732.477272727272,,,,,,,,,35023.0
104,Ford,Bronco,SUV,484,484,544,1879,1807,1879,1129,1087,1129,3441,3441,3441,20745,200.0,505.0,Ford,,,32462.695454545454,29732.477272727272,,,,,,,,,108169.0
105,Ford,E-Series, Commercial Van,218,218,246,328,316,328,293,282,293,272,272,272,3338,201.0,506.0,Ford,,,32462.695454545454,29732.477272727272,,,,,,,,,37122.0
106,Ford,EcoSport,SUV,292,292,329,285,274,285,208,201,208,198,198,198,2968,202.0,507.0,Ford,,,32462.695454545454,29732.477272727272,,,,,,,,,40659.0
107,Ford,Edge,SUV,808,808,909,825,794,825,1151,1109,1151,1150,1150,1150,11830,203.0,508.0,Ford,,,32462.695454545454,29732.477272727272,,,,,,,,,85225.0
108,Ford,Escape,SUV,1135,1135,1277,2975,2861,3975,2871,2765,2871,1698,1698,1698,26959,177.0,121.0,Ford,USA,All,22515.0,20907.0,3.0,6.0,201.0,18.0,23.0,3346.0,103.0,173.0,145415.0
109,Ford,Expedition,SUV,336,336,378,525,505,525,439,423,439,324,324,324,4878,175.0,119.0,Ford,USA,Front,34560.0,30468.0,4.6,8.0,232.0,15.0,19.0,5000.0,119.0,206.0,81988.0
110,Ford,Explorer,SUV,1147,1147,1291,1612,1550,1612,1342,1292,1342,1352,1352,1352,16391,176.0,120.0,Ford,USA,All,29670.0,26983.0,4.0,6.0,210.0,15.0,20.0,4463.0,114.0,190.0,219871.0
111,Ford,F-Series,Truck,9676,9676,10886,9820,9443,9820,9821,9458,9821,9327,9327,9327,116402,204.0,509.0,Ford,,,32462.695454545454,29732.477272727272,,,,,,,,,726003.0
112,Ford,Fusion,Sedan,108,108,122,120,115,120,51,49,51,22,22,22,910,205.0,510.0,Ford,,,32462.695454545454,29732.477272727272,,,,,,,,,11781.0
113,Ford,GT,2 Door Coupe,2,2,3,2,2,2,0,0,0,1,1,1,16,206.0,511.0,Ford,,,32462.695454545454,29732.477272727272,,,,,,,,,143.0
114,Ford,Maverick,Truck,0,0,0,0,0,0,1,1,1,500,500,500,1503,207.0,512.0,Ford,,,32462.695454545454,29732.477272727272,,,,,,,,,13258.0
115,Ford,Mustang,2 Door Coupe,235,235,264,650,625,650,378,364,378,148,148,148,4223,191.0,135.0,Ford,USA,Rear,18345.0,16943.0,3.8,6.0,193.0,20.0,29.0,3290.0,101.0,183.0,52384.0
116,Ford,Mustang,2 Door Coupe,235,235,264,650,625,650,378,364,378,148,148,148,4223,192.0,136.0,Ford,USA,Rear,18345.0,16943.0,3.8,6.0,193.0,20.0,29.0,3290.0,101.0,183.0,27140.0
117,Ford,Mustang,2 Door Coupe,235,235,264,650,625,650,378,364,378,148,148,148,4223,193.0,137.0,Ford,USA,Rear,29380.0,26875.0,4.6,8.0,260.0,17.0,25.0,3347.0,101.0,183.0,52384.0
118,Ford,Mustang,2 Door Coupe,235,235,264,650,625,650,378,364,378,148,148,148,4223,194.0,138.0,Ford,USA,Rear,29380.0,26875.0,4.6,8.0,260.0,17.0,25.0,3347.0,101.0,183.0,27140.0
119,Ford,Mustang Mach E,SUV,213,213,239,489,470,489,384,370,384,367,367,367,4352,,,,,,,,,,,,,,,,
120,Ford,Ranger,Truck,671,671,755,1393,1339,1393,1021,983,1021,651,651,651,11200,198.0,142.0,Ford,USA,Rear,14385.0,13717.0,2.3,4.0,143.0,24.0,29.0,3028.0,111.0,188.0,94755.0
121,Ford,Transit, Commercial Van,1561,1561,1960,1810,1459,1517,1534,1477,1534,895,895,895,17098,208.0,513.0,Ford,,,32462.695454545454,29732.477272727272,,,,,,,,,99745.0
122,Ford,Transit, Commercial Van,1561,1561,1960,1810,1459,1517,1534,1477,1534,895,895,895,17098,209.0,514.0,Ford,,,32462.695454545454,29732.477272727272,,,,,,,,,26112.0
123,Genesis,G70,Sedan,31,52,72,87,151,128,125,152,110,112,52,88,1160,210.0,515.0,Genesis,,,32462.695454545454,29732.477272727272,,,,,,,,,10718.0
124,Genesis,G80,Sedan,34,25,26,30,30,30,25,24,16,12,8,17,277,211.0,516.0,Genesis,,,32462.695454545454,29732.477272727272,,,,,,,,,6031.0
125,Genesis,G90,Sedan,5,4,5,4,3,2,3,6,5,7,7,6,57,212.0,517.0,Genesis,,,32462.695454545454,29732.477272727272,,,,,,,,,1821.0
126,Genesis,GV70,SUV,0,0,0,0,45,131,250,225,257,253,230,131,1522,213.0,518.0,Genesis,,,32462.695454545454,29732.477272727272,,,,,,,,,10735.0
127,Genesis,GV80,SUV,108,106,160,154,146,168,121,119,113,119,130,109,1553,214.0,519.0,Genesis,,,32462.695454545454,29732.477272727272,,,,,,,,,20325.0
128,GMC,Acadia,SUV,330,330,371,397,381,397,312,301,312,118,118,118,3485,223.0,520.0,GMC,,,32462.695454545454,29732.477272727272,,,,,,,,,59913.0
129,GMC,Canyon,Truck,527,527,593,438,421,438,458,441,458,188,188,188,4865,219.0,147.0,GMC,USA,Rear,16530.0,14877.0,2.8,4.0,175.0,18.0,25.0,3351.0,111.0,192.0,24125.0
130,GMC,Savana, Commercial Van,280,280,315,214,206,214,111,107,111,181,181,181,2381,224.0,521.0,GMC,,,32462.695454545454,29732.477272727272,,,,,,,,,36008.0
131,GMC,Sierra,Truck,5334,5334,6001,5469,5258,5469,3340,3217,3340,3665,3665,3665,53757,220.0,148.0,GMC,USA,Rear,25717.0,22604.0,4.8,8.0,285.0,17.0,20.0,4548.0,144.0,230.0,248923.0
132,GMC,Sierra,Truck,5334,5334,6001,5469,5258,5469,3340,3217,3340,3665,3665,3665,53757,221.0,149.0,GMC,USA,All,29322.0,25759.0,6.0,8.0,300.0,13.0,18.0,5440.0,133.0,222.0,248923.0
133,GMC,Terrain,SUV,586,586,659,873,840,873,628,605,628,320,320,320,7238,225.0,522.0,GMC,,,32462.695454545454,29732.477272727272,,,,,,,,,47488.0
134,GMC,Yukon,SUV,530,530,596,749,720,749,730,703,730,767,767,767,8338,216.0,144.0,GMC,USA,Front,35725.0,31361.0,4.8,8.0,285.0,16.0,19.0,5042.0,116.0,199.0,84243.0
135,GMC,Yukon,SUV,530,530,596,749,720,749,730,703,730,767,767,767,8338,217.0,145.0,GMC,USA,All,46265.0,40534.0,6.0,8.0,325.0,13.0,17.0,6133.0,130.0,219.0,84243.0
136,Honda,Accord,Sedan,313,325,679,793,699,526,692,764,650,428,194,340,6403,236.0,161.0,Honda,Asia,Front,19860.0,17924.0,2.4,4.0,160.0,26.0,34.0,2994.0,105.0,188.0,202676.0
137,Honda,Accord,Sedan,313,325,679,793,699,526,692,764,650,428,194,340,6403,237.0,162.0,Honda,Asia,Front,22260.0,20080.0,2.4,4.0,160.0,26.0,34.0,3047.0,105.0,188.0,202676.0
138,Honda,Accord,Sedan,313,325,679,793,699,526,692,764,650,428,194,340,6403,238.0,163.0,Honda,Asia,Front,23760.0,21428.0,3.0,6.0,240.0,21.0,30.0,3349.0,108.0,190.0,202676.0
139,Honda,Accord,Sedan,313,325,679,793,699,526,692,764,650,428,194,340,6403,239.0,164.0,Honda,Asia,Front,26960.0,24304.0,3.0,6.0,240.0,21.0,30.0,3294.0,105.0,188.0,202676.0
140,Honda,Civic,Sedan,1703,2164,3291,3726,3576,5783,4883,4255,3591,3711,3653,3220,43556,226.0,151.0,Honda,Asia,Front,20140.0,18451.0,1.4,4.0,93.0,46.0,51.0,2732.0,103.0,175.0,263787.0
141,Honda,Civic,Sedan,1703,2164,3291,3726,3576,5783,4883,4255,3591,3711,3653,3220,43556,227.0,152.0,Honda,Asia,Front,13270.0,12175.0,1.7,4.0,115.0,32.0,38.0,2432.0,103.0,175.0,263787.0
142,Honda,Civic,Sedan,1703,2164,3291,3726,3576,5783,4883,4255,3591,3711,3653,3220,43556,228.0,153.0,Honda,Asia,Front,14170.0,12996.0,1.7,4.0,117.0,36.0,44.0,2500.0,103.0,175.0,263787.0
143,Honda,Civic,Sedan,1703,2164,3291,3726,3576,5783,4883,4255,3591,3711,3653,3220,43556,229.0,154.0,Honda,Asia,Front,15850.0,14531.0,1.7,4.0,115.0,32.0,38.0,2513.0,103.0,175.0,263787.0
144,Honda,Civic,Sedan,1703,2164,3291,3726,3576,5783,4883,4255,3591,3711,3653,3220,43556,230.0,155.0,Honda,Asia,Front,17750.0,16265.0,1.7,4.0,127.0,32.0,37.0,2601.0,103.0,175.0,263787.0
145,Honda,Civic,Sedan,1703,2164,3291,3726,3576,5783,4883,4255,3591,3711,3653,3220,43556,231.0,156.0,Honda,Asia,Front,19490.0,17849.0,2.0,4.0,160.0,26.0,30.0,2782.0,101.0,166.0,263787.0
146,Honda,Clarity FCV,Sedan,6,24,39,40,28,29,6,18,13,7,28,10,248,,,,,,,,,,,,,,,,
147,Honda,CR-V,SUV,2858,3716,4959,4096,5046,6041,6211,5837,4180,2330,2742,2919,50935,234.0,159.0,Honda,Asia,All,19860.0,18419.0,2.4,4.0,160.0,21.0,25.0,3258.0,103.0,179.0,361271.0
148,Honda,Fit,Sedan,60,68,109,56,36,11,10,4,3,2,1,1,361,244.0,524.0,Honda,,,32462.695454545454,29732.477272727272,,,,,,,,,8695.0
149,Honda,HR-V,SUV,312,451,952,933,921,885,1059,1103,1358,1532,1247,863,11616,245.0,525.0,Honda,,,32462.695454545454,29732.477272727272,,,,,,,,,137090.0
150,Honda,Insight,Sedan,26,27,38,41,31,30,30,11,10,3,2,2,251,232.0,157.0,Honda,Asia,Front,19110.0,17911.0,2.0,3.0,73.0,60.0,66.0,1850.0,95.0,155.0,18685.0
151,Honda,Odyssey,Minivan,100,295,501,346,396,452,681,375,388,323,118,151,4126,240.0,165.0,Honda,Asia,Front,24950.0,22498.0,3.5,6.0,240.0,18.0,25.0,4310.0,118.0,201.0,76125.0
152,Honda,Odyssey,Minivan,100,295,501,346,396,452,681,375,388,323,118,151,4126,241.0,166.0,Honda,Asia,Front,27450.0,24744.0,3.5,6.0,240.0,18.0,25.0,4365.0,118.0,201.0,76125.0
153,Honda,Passport,SUV,141,152,266,238,222,239,263,234,380,344,243,147,2869,246.0,526.0,Honda,,,32462.695454545454,29732.477272727272,,,,,,,,,53133.0
154,Honda,Pilot,SUV,314,709,1251,715,674,590,605,557,479,618,478,408,7398,233.0,158.0,Honda,Asia,All,27560.0,24843.0,3.5,6.0,240.0,17.0,22.0,4387.0,106.0,188.0,143062.0
155,Honda,Ridgeline,Truck,87,235,482,288,230,260,161,50,409,272,585,432,3491,247.0,527.0,Honda,,,32462.695454545454,29732.477272727272,,,,,,,,,41355.0
156,Hyundai,Elantra,Sedan,1108,1458,2094,2304,2666,2856,2589,2375,2698,2422,2436,1306,26312,254.0,174.0,Hyundai,Asia,Front,13839.0,12781.0,2.0,4.0,138.0,26.0,34.0,2635.0,103.0,178.0,127360.0
157,Hyundai,Elantra,Sedan,1108,1458,2094,2304,2666,2856,2589,2375,2698,2422,2436,1306,26312,255.0,175.0,Hyundai,Asia,Front,15389.0,14207.0,2.0,4.0,138.0,26.0,34.0,2635.0,103.0,178.0,127360.0
158,Hyundai,Elantra,Sedan,1108,1458,2094,2304,2666,2856,2589,2375,2698,2422,2436,1306,26312,256.0,176.0,Hyundai,Asia,Front,15389.0,14207.0,2.0,4.0,138.0,26.0,34.0,2698.0,103.0,178.0,127360.0
159,Hyundai,Ioniq,Sedan,203,334,286,260,222,233,257,467,397,350,254,428,3691,262.0,528.0,Hyundai,,,32462.695454545454,29732.477272727272,,,,,,,,,19175.0
160,Hyundai,Ioniq,Sedan,203,334,286,260,222,233,257,467,397,350,254,428,3691,263.0,529.0,Hyundai,,,32462.695454545454,29732.477272727272,,,,,,,,,153.0
161,Hyundai,Kona,SUV,1400,2058,3402,3154,2973,2728,2778,2634,2634,2870,2564,1906,31101,264.0,530.0,Hyundai,,,32462.695454545454,29732.477272727272,,,,,,,,,89607.0
162,Hyundai,Nexo,SUV,0,1,0,0,0,0,0,0,0,0,0,0,1,265.0,531.0,Hyundai,,,32462.695454545454,29732.477272727272,,,,,,,,,421.0
163,Hyundai,Palisade,SUV,467,605,737,666,693,869,634,541,496,597,210,224,6739,266.0,532.0,Hyundai,,,32462.695454545454,29732.477272727272,,,,,,,,,86282.0
164,Hyundai,Santa Cruz,Truck,0,0,0,0,0,0,0,90,222,176,242,200,930,,,,,,,,,,,,,,,,
165,Hyundai,Santa Fe,SUV,632,848,1623,1507,1499,1405,1465,1640,1577,1502,1310,938,15946,,,,,,,,,,,,,,,,
166,Hyundai,Sonata,Sedan,142,213,284,283,328,428,388,405,477,399,411,363,4121,257.0,177.0,Hyundai,Asia,Front,19339.0,17574.0,2.7,6.0,170.0,19.0,27.0,3217.0,106.0,187.0,83434.0
167,Hyundai,Sonata,Sedan,142,213,284,283,328,428,388,405,477,399,411,363,4121,258.0,178.0,Hyundai,Asia,Front,20339.0,18380.0,2.7,6.0,170.0,19.0,27.0,3217.0,106.0,187.0,83434.0
168,Hyundai,Tuscon,SUV,1061,1521,2250,2435,3075,3118,2925,2435,2186,2135,1251,1095,25487,267.0,533.0,Hyundai,,,32462.695454545454,29732.477272727272,,,,,,,,,140721.0
169,Hyundai,Veloster,Sedan,20,14,44,63,79,108,79,76,69,48,75,59,734,268.0,534.0,Hyundai,,,32462.695454545454,29732.477272727272,,,,,,,,,1942.0
170,Hyundai,Venue,SUV,544,543,934,1094,1208,1220,999,1177,1087,1013,1087,642,11548,269.0,535.0,Hyundai,,,32462.695454545454,29732.477272727272,,,,,,,,,20669.0
171,Infiniti,Q50,Sedan,89,89,100,98,94,98,89,86,89,56,56,56,1000,278.0,536.0,Infiniti,,,32462.695454545454,29732.477272727272,,,,,,,,,13894.0
172,Infiniti,Q60,2 Door Coupe,24,24,27,38,37,38,27,26,27,13,13,13,307,279.0,537.0,Infiniti,,,32462.695454545454,29732.477272727272,,,,,,,,,2729.0
173,Infiniti,QX50,SUV,155,155,174,201,194,201,218,210,218,144,144,144,2158,280.0,538.0,Infiniti,,,32462.695454545454,29732.477272727272,,,,,,,,,19196.0
174,Infiniti,QX55,SUV,0,0,0,64,62,64,58,56,58,40,40,40,482,281.0,539.0,Infiniti,,,32462.695454545454,29732.477272727272,,,,,,,,,4333.0
175,Infiniti,QX60,SUV,130,130,146,95,91,95,47,45,47,71,71,71,1039,282.0,540.0,Infiniti,,,32462.695454545454,29732.477272727272,,,,,,,,,5830.0
176,Infiniti,QX80,SUV,82,82,93,74,71,74,52,50,52,72,72,72,846,283.0,541.0,Infiniti,,,32462.695454545454,29732.477272727272,,,,,,,,,12573.0
177,Jaguar,E-Pace,SUV,15,15,17,11,11,11,5,5,5,1,1,1,98,298.0,542.0,Jaguar,,,32462.695454545454,29732.477272727272,,,,,,,,,2904.0
178,Jaguar,F-Pace,SUV,116,116,131,184,177,184,143,138,143,32,32,32,1428,299.0,543.0,Jaguar,,,32462.695454545454,29732.477272727272,,,,,,,,,9237.0
179,Jaguar,F-Type,2 Door Coupe,17,17,19,21,20,21,10,10,10,9,9,9,172,300.0,544.0,Jaguar,,,32462.695454545454,29732.477272727272,,,,,,,,,2112.0
180,Jaguar,I-Pace,SUV,11,11,12,6,6,6,2,2,0,10,10,10,86,301.0,545.0,Jaguar,,,32462.695454545454,29732.477272727272,,,,,,,,,1415.0
181,Jaguar,XF,Sedan,6,6,7,10,10,10,3,3,3,1,1,1,61,303.0,547.0,Jaguar,,,32462.695454545454,29732.477272727272,,,,,,,,,1183.0
182,Jeep,Cherokee,SUV,975,0,1097,998,959,998,681,656,681,404,404,404,8257,309.0,549.0,Jeep,,,32462.695454545454,29732.477272727272,,,,,,,,,89126.0
183,Jeep,Commander,SUV,0,0,0,0,0,0,0,0,0,0,545,545,1090,,,,,,,,,,,,,,,,
184,Jeep,Compass,SUV,531,0,597,376,362,376,514,495,514,545,0,0,4310,310.0,550.0,Jeep,,,32462.695454545454,29732.477272727272,,,,,,,,,75642.0
185,Jeep,Gladiator,Truck,380,0,428,299,288,299,418,403,418,470,470,470,4343,311.0,551.0,Jeep,,,32462.695454545454,29732.477272727272,,,,,,,,,89712.0
186,Jeep,Grand Cherokee,SUV,1446,0,1627,1405,1351,1405,1807,1740,1807,1803,1803,1803,17997,,,,,,,,,,,,,,,,
187,Jeep,Grand Wagoneer,SUV,0,0,0,0,0,4,0,3,3,106,106,106,328,,,,,,,,,,,,,,,,
188,Jeep,Renegade,SUV,7,0,8,31,30,31,39,38,39,24,24,24,295,313.0,553.0,Jeep,,,32462.695454545454,29732.477272727272,,,,,,,,,47138.0
189,Jeep,Wagoneer,SUV,0,0,0,0,0,0,3,0,0,0,0,0,3,314.0,554.0,Jeep,,,32462.695454545454,29732.477272727272,,,,,,,,,5349.0
190,Jeep,Wrangler,SUV,1446,0,1627,1717,1651,1717,1616,1556,1616,1878,1878,1878,18580,308.0,207.0,Jeep,USA,All,25520.0,23275.0,4.0,6.0,190.0,16.0,19.0,3575.0,93.0,150.0,204610.0
191,Kia,Carnival,Minivan,0,0,0,0,399,981,928,917,405,274,163,58,4125,327.0,556.0,Kia,,,32462.695454545454,29732.477272727272,,,,,,,,,10530.0
192,Kia,Forte,Sedan,519,606,1321,1552,1784,1704,1685,1678,1671,1014,359,535,14428,328.0,557.0,Kia,,,32462.695454545454,29732.477272727272,,,,,,,,,113051.0
193,Kia,K5,Sedan,55,58,146,118,136,147,135,175,152,66,80,67,1335,329.0,558.0,Kia,,,32462.695454545454,29732.477272727272,,,,,,,,,77195.0
194,Kia,Niro,SUV,166,221,423,417,615,497,603,482,346,263,273,97,4403,331.0,560.0,Kia,,,32462.695454545454,29732.477272727272,,,,,,,,,26192.0
195,Kia,Optima,Sedan,0,2,1,0,0,0,0,0,0,0,0,0,3,316.0,209.0,Kia,Asia,Front,16040.0,14910.0,2.4,4.0,138.0,23.0,30.0,3281.0,106.0,186.0,16.0
196,Kia,Optima,Sedan,0,2,1,0,0,0,0,0,0,0,0,0,3,317.0,210.0,Kia,Asia,Front,18435.0,16850.0,2.7,6.0,170.0,20.0,27.0,3279.0,106.0,186.0,16.0
197,Kia,Rio,Sedan,268,316,414,400,814,781,606,424,400,239,388,273,5323,318.0,211.0,Kia,Asia,Front,10280.0,9875.0,1.6,4.0,104.0,26.0,33.0,2403.0,95.0,167.0,31362.0
198,Kia,Rio,Sedan,268,316,414,400,814,781,606,424,400,239,388,273,5323,319.0,212.0,Kia,Asia,Front,11155.0,10705.0,1.6,4.0,104.0,25.0,32.0,2458.0,95.0,167.0,31362.0
199,Kia,Rio,Sedan,268,316,414,400,814,781,606,424,400,239,388,273,5323,320.0,213.0,Kia,Asia,Front,11905.0,11410.0,1.6,4.0,104.0,26.0,33.0,2447.0,95.0,167.0,31362.0
200,Kia,Sedona,Minivan,61,78,18,17,9,1,1,2,2,1,0,0,190,325.0,218.0,Kia,Asia,Front,20615.0,19400.0,3.5,6.0,195.0,16.0,22.0,4802.0,115.0,194.0,14625.0
201,Kia,Seltos,SUV,754,1065,1633,1837,1401,1444,947,1346,1523,1260,646,580,14436,332.0,561.0,Kia,,,32462.695454545454,29732.477272727272,,,,,,,,,51368.0
202,Kia,Sorento,SUV,485,646,899,1068,1016,1022,835,949,1226,409,830,890,10275,315.0,208.0,Kia,Asia,Front,19635.0,18630.0,3.5,6.0,192.0,16.0,19.0,4112.0,107.0,180.0,81785.0
203,Kia,Soul,SUV,228,382,588,797,671,743,928,757,954,653,416,227,7344,333.0,562.0,Kia,,,32462.695454545454,29732.477272727272,,,,,,,,,75126.0
204,Kia,Sportage,SUV,497,730,1527,1304,1366,898,1242,1154,1249,1047,582,241,11837,334.0,563.0,Kia,,,32462.695454545454,29732.477272727272,,,,,,,,,88688.0
205,Kia,Stinger,Sedan,63,86,144,139,114,147,102,108,88,98,90,50,1229,335.0,564.0,Kia,,,32462.695454545454,29732.477272727272,,,,,,,,,13517.0
206,Kia,Telluride,SUV,264,460,636,391,295,485,293,353,391,187,268,247,4270,336.0,565.0,Kia,,,32462.695454545454,29732.477272727272,,,,,,,,,93705.0
207,Land Rover,Defender,SUV,216,216,243,129,124,129,155,150,155,86,86,86,1775,,,,,,,,,,,,,,,,
208,Land Rover,Discovery LR4,SUV,103,103,116,62,59,62,51,49,51,42,42,42,782,,,,,,,,,,,,,,,,
209,Land Rover,Range Rover,SUV,140,140,157,114,110,114,88,85,88,134,134,134,1438,,,,,,,,,,,,,,,,
210,Land Rover,Evoque,SUV,124,124,139,75,72,75,55,53,55,135,135,135,1177,,,,,,,,,,,,,,,,
211,Land Rover,Sport,SUV,263,263,296,282,271,282,133,128,133,170,170,170,2561,,,,,,,,,,,,,,,,
212,Land Rover,Velar,SUV,105,105,118,149,143,149,114,110,114,49,49,49,1254,,,,,,,,,,,,,,,,
213,Lexus,ES,Sedan,97,52,163,129,156,153,182,131,193,148,148,148,1700,350.0,225.0,Lexus,Asia,Front,32350.0,28755.0,3.3,6.0,225.0,20.0,29.0,3460.0,107.0,191.0,45406.0
214,Lexus,GS,Sedan,1,1,0,0,0,0,0,0,0,0,0,0,2,354.0,229.0,Lexus,Asia,Rear,41010.0,36196.0,3.0,6.0,220.0,18.0,25.0,3649.0,110.0,189.0,76.0
215,Lexus,GS,Sedan,1,1,0,0,0,0,0,0,0,0,0,0,2,355.0,230.0,Lexus,Asia,Rear,48450.0,42232.0,4.3,8.0,300.0,18.0,23.0,3715.0,110.0,189.0,76.0
216,Lexus,GX,SUV,37,36,19,30,18,21,14,37,19,31,31,31,324,347.0,222.0,Lexus,Asia,All,45700.0,39838.0,4.7,8.0,235.0,15.0,19.0,4740.0,110.0,188.0,32509.0
217,Lexus,IS,Sedan,115,130,221,330,302,263,260,215,186,32,32,32,2118,351.0,226.0,Lexus,Asia,Rear,31045.0,27404.0,3.0,6.0,215.0,18.0,25.0,3255.0,105.0,177.0,21998.0
218,Lexus,IS,Sedan,115,130,221,330,302,263,260,215,186,32,32,32,2118,352.0,227.0,Lexus,Asia,Rear,32415.0,28611.0,3.0,6.0,215.0,18.0,24.0,3285.0,105.0,177.0,21998.0
219,Lexus,IS,Sedan,115,130,221,330,302,263,260,215,186,32,32,32,2118,353.0,228.0,Lexus,Asia,Rear,32455.0,28647.0,3.0,6.0,215.0,18.0,24.0,3410.0,105.0,177.0,21998.0
220,Lexus,LC,2 Door Coupe,5,5,26,38,32,36,13,15,14,3,3,3,193,358.0,573.0,Lexus,,,32462.695454545454,29732.477272727272,,,,,,,,,2782.0
221,Lexus,LS,Sedan,6,3,3,5,2,4,4,2,6,1,1,1,38,356.0,231.0,Lexus,Asia,Rear,55750.0,48583.0,4.3,8.0,290.0,18.0,25.0,3990.0,115.0,197.0,3739.0
222,Lexus,LS,Sedan,6,3,3,5,2,4,4,2,6,1,1,1,38,364.0,235.0,Lincoln,USA,Rear,32495.0,29969.0,3.0,6.0,232.0,20.0,26.0,3681.0,115.0,194.0,55609.27386934673
223,Lexus,LS,Sedan,6,3,3,5,2,4,4,2,6,1,1,1,38,365.0,236.0,Lincoln,USA,Rear,36895.0,33929.0,3.0,6.0,232.0,20.0,26.0,3681.0,115.0,194.0,55609.27386934673
224,Lexus,LS,Sedan,6,3,3,5,2,4,4,2,6,1,1,1,38,366.0,237.0,Lincoln,USA,Rear,40095.0,36809.0,3.9,8.0,280.0,17.0,24.0,3768.0,115.0,194.0,55609.27386934673
225,Lexus,LS,Sedan,6,3,3,5,2,4,4,2,6,1,1,1,38,367.0,238.0,Lincoln,USA,Rear,43495.0,39869.0,3.9,8.0,280.0,17.0,24.0,3768.0,115.0,194.0,55609.27386934673
226,Lexus,LX,SUV,54,48,38,52,36,35,34,19,19,26,26,26,413,348.0,223.0,Lexus,Asia,All,64800.0,56455.0,4.7,8.0,235.0,13.0,17.0,5590.0,112.0,193.0,26016.0
227,Lexus,NX,SUV,330,442,684,797,667,699,822,820,988,345,345,345,7284,359.0,574.0,Lexus,,,32462.695454545454,29732.477272727272,,,,,,,,,58514.0
228,Lexus,RC,2 Door Coupe,12,12,15,33,35,23,19,21,24,9,9,9,221,360.0,575.0,Lexus,,,32462.695454545454,29732.477272727272,,,,,,,,,2987.0
229,Lexus,RX,SUV,451,493,836,904,801,944,923,884,1020,1025,1025,1025,10331,349.0,224.0,Lexus,Asia,All,39195.0,34576.0,3.3,6.0,230.0,18.0,24.0,4065.0,107.0,186.0,115320.0
230,Lexus,UX,SUV,112,136,237,377,303,360,337,364,472,195,195,195,3283,361.0,576.0,Lexus,,,32462.695454545454,29732.477272727272,,,,,,,,,17581.0
231,Lincoln,Aviator,SUV,115,115,130,191,184,191,144,138,144,230,230,230,2042,363.0,234.0,Lincoln,USA,Front,42915.0,39443.0,4.6,8.0,302.0,13.0,18.0,4834.0,114.0,193.0,20924.0
232,Lincoln,Continental,Sedan,3,3,3,2,2,2,0,0,0,2,2,2,21,371.0,577.0,Lincoln,,,32462.695454545454,29732.477272727272,,,,,,,,,1460.0
233,Lincoln,Corsair MKC,SUV,154,154,173,230,221,230,191,184,191,258,258,258,2502,,,,,,,,,,,,,,,,
234,Lincoln,Nautilus,SUV,95,95,107,190,183,190,149,144,149,108,108,108,1626,,,,,,,,,,,,,,,,
235,Lincoln,MKZ,Sedan,4,4,4,4,4,4,2,2,2,0,0,0,30,374.0,580.0,Lincoln,,,32462.695454545454,29732.477272727272,,,,,,,,,1681.0
236,Lincoln,Navigator,SUV,87,87,98,125,120,125,116,111,116,109,109,109,1312,362.0,233.0,Lincoln,USA,All,52775.0,46360.0,5.4,8.0,300.0,13.0,18.0,5969.0,119.0,206.0,15631.0
237,Maserati,Ghibli,Sedan,11,11,13,11,14,8,7,9,5,7,9,5,110,,,,,,,,,,,,,,,,
238,Maserati,GranTurismo,2 Door Coupe,2,2,3,0,0,0,0,0,0,0,0,0,7,,,,,,,,,,,,,,,,
239,Maserati,Levante,SUV,25,25,28,31,40,24,46,60,36,44,56,34,449,,,,,,,,,,,,,,,,
240,Maserati,Quattroporte,Sedan,4,4,5,3,4,3,2,3,2,5,6,4,45,,,,,,,,,,,,,,,,
241,Mazda,3,Sedan,783,717,1157,1103,1151,1298,1104,1044,1085,1114,827,421,11804,,,,,,,,,,,,,,,,
242,Mazda,6,Sedan,154,137,124,121,316,276,42,73,59,61,27,21,1411,,,,,,,,,,,,,,,,
243,Mazda,CX-3,SUV,439,445,626,828,377,772,443,396,429,277,122,160,5314,389.0,584.0,Mazda,,,32462.695454545454,29732.477272727272,,,,,,,,,6374.0
244,Mazda,CX-30,SUV,581,670,1158,1147,1168,1271,1444,1338,1179,804,501,146,11407,390.0,585.0,Mazda,,,32462.695454545454,29732.477272727272,,,,,,,,,55180.0
245,Mazda,CX-5,SUV,1711,1709,3017,2807,2281,2602,2740,2577,2498,2243,1315,1071,26571,391.0,586.0,Mazda,,,32462.695454545454,29732.477272727272,,,,,,,,,163940.0
246,Mazda,CX-9,SUV,355,354,587,716,380,448,459,439,342,254,128,68,4530,392.0,587.0,Mazda,,,32462.695454545454,29732.477272727272,,,,,,,,,31803.0
247,Mazda,MX-30,SUV,0,0,0,0,0,0,0,0,0,73,44,31,148,393.0,588.0,Mazda,,,32462.695454545454,29732.477272727272,,,,,,,,,61.0
248,Mazda,MX-5 Miata,2 Door Coupe,16,82,220,190,132,149,108,40,28,10,11,30,1016,,,,,,,,,,,,,,,,
249,Mercedes-Benz,A-Class,Sedan,173,173,194,183,176,183,139,134,139,76,76,76,1722,420.0,589.0,Mercedes-Benz,,,32462.695454545454,29732.477272727272,,,,,,,,,8108.0
250,Mercedes-Benz,AMG GT,2 Door Coupe,20,20,23,24,23,24,29,28,29,10,10,10,250,,,,,,,,,,,,,,,,
251,Mercedes-Benz,C-Class,Sedan,160,160,180,231,222,231,405,390,405,209,209,209,3011,422.0,591.0,Mercedes-Benz,,,32462.695454545454,29732.477272727272,,,,,,,,,30816.0
252,Mercedes-Benz,CLA-Class,2 Door Coupe,99,99,111,146,140,146,98,94,98,81,81,81,1274,423.0,592.0,Mercedes-Benz,,,32462.695454545454,29732.477272727272,,,,,,,,,6823.0
253,Mercedes-Benz,E CLS Class,Sedan,115,115,129,209,201,209,162,156,162,124,124,174,1880,,,,,,,,,,,,,,,,
254,Mercedes-Benz,G-Class,SUV,107,107,121,76,73,76,99,96,99,171,171,171,1367,426.0,595.0,Mercedes-Benz,,,32462.695454545454,29732.477272727272,,,,,,,,,8521.0
255,Mercedes-Benz,GL/GLS-Class,SUV,197,197,221,180,173,180,161,155,161,168,168,168,2129,427.0,596.0,Mercedes-Benz,,,32462.695454545454,29732.477272727272,,,,,,,,,24465.0
256,Mercedes-Benz,GLA-Class,SUV,227,227,256,196,189,196,214,206,214,164,164,164,2417,428.0,597.0,Mercedes-Benz,,,32462.695454545454,29732.477272727272,,,,,,,,,14323.0
257,Mercedes-Benz,GLB,SUV,250,250,281,234,225,234,228,219,228,208,208,208,2773,429.0,598.0,Mercedes-Benz,,,32462.695454545454,29732.477272727272,,,,,,,,,26676.0
258,Mercedes-Benz,GLC/GLK-Class,SUV,510,510,574,747,718,747,573,552,573,461,461,461,6887,430.0,599.0,Mercedes-Benz,,,32462.695454545454,29732.477272727272,,,,,,,,,51805.0
259,Mercedes-Benz,GLE-Class,SUV,543,543,611,680,654,680,551,530,551,552,552,552,6999,431.0,600.0,Mercedes-Benz,,,32462.695454545454,29732.477272727272,,,,,,,,,65073.0
260,Mercedes-Benz,M-Class,SUV,0,0,0,0,0,0,0,155,161,0,0,0,316,,,,,,,,,,,,,,,,
261,Mercedes-Benz,Metris, Commercial Van,72,72,81,106,102,106,63,61,63,66,66,66,924,432.0,601.0,Mercedes-Benz,,,32462.695454545454,29732.477272727272,,,,,,,,,13054.0
262,Mercedes-Benz,S-Class,Sedan,16,16,18,3,3,3,117,113,117,46,46,46,544,433.0,602.0,Mercedes-Benz,,,32462.695454545454,29732.477272727272,,,,,,,,,14284.0
263,Mercedes-Benz,SL-Class,2 Door Coupe,7,7,8,1,1,1,0,0,0,0,0,0,25,434.0,603.0,Mercedes-Benz,,,32462.695454545454,29732.477272727272,,,,,,,,,460.0
264,Mercedes-Benz,SLC-Class,2 Door Coupe,5,5,6,1,1,1,0,0,0,0,0,0,19,435.0,604.0,Mercedes-Benz,,,32462.695454545454,29732.477272727272,,,,,,,,,225.0
265,Mercedes-Benz,Sprinter,Commercial Van,421,421,474,156,150,156,433,417,433,337,337,337,4072,436.0,605.0,Mercedes-Benz,,,32462.695454545454,29732.477272727272,,,,,,,,,40534.0
266,Mini,Cooper,2 Door Coupe,177,177,199,301,289,301,225,217,225,197,197,197,2702,446.0,242.0,MINI,Europe,Front,16999.0,15437.0,1.6,4.0,115.0,28.0,37.0,2524.0,97.0,143.0,55609.27386934673
267,Mini,Cooper,2 Door Coupe,177,177,199,301,289,301,225,217,225,197,197,197,2702,447.0,243.0,MINI,Europe,Front,19999.0,18137.0,1.6,4.0,163.0,25.0,34.0,2678.0,97.0,144.0,55609.27386934673
268,Mini,Cooper,2 Door Coupe,177,177,199,301,289,301,225,217,225,197,197,197,2702,448.0,606.0,Mini,,,32462.695454545454,29732.477272727272,,,,,,,,,22970.0
269,Mini,Countryman,SUV,99,99,112,146,141,146,143,137,143,125,125,125,1541,449.0,607.0,Mini,,,32462.695454545454,29732.477272727272,,,,,,,,,12198.0
270,Mitsubishi,Eclipse Cross,SUV,387,387,435,413,397,413,291,280,291,409,409,409,4521,,,,,,,,,,,,,,,,
271,Mitsubishi,Mirage,Sedan,61,61,69,102,98,102,45,44,45,94,94,94,909,465.0,608.0,Mitsubishi,,,32462.695454545454,29732.477272727272,,,,,,,,,22743.0
272,Mitsubishi,Outlander,SUV,1115,1115,1253,1946,1871,1946,1677,1615,1677,1332,1332,1332,18211,452.0,292.0,Mitsubishi,Asia,Front,18892.0,17569.0,2.4,4.0,160.0,21.0,27.0,3240.0,103.0,179.0,33883.0
273,Mitsubishi,Outlander,SUV,1115,1115,1253,1946,1871,1946,1677,1615,1677,1332,1332,1332,18211,453.0,293.0,Mitsubishi,Asia,Front,18892.0,17569.0,2.4,4.0,160.0,21.0,27.0,3240.0,103.0,179.0,2249.0
274,Mitsubishi,Outlander,SUV,1115,1115,1253,1946,1871,1946,1677,1615,1677,1332,1332,1332,18211,454.0,294.0,Mitsubishi,Asia,Front,18892.0,17569.0,2.4,4.0,160.0,21.0,27.0,3240.0,103.0,179.0,34214.0
275,Nissan,370Z,2 Door Coupe,4,4,5,2,2,2,0,0,0,0,0,0,19,483.0,609.0,Nissan,,,32462.695454545454,29732.477272727272,,,,,,,,,37.0
276,Nissan,Altima,Sedan,105,105,118,140,135,140,89,86,89,70,70,70,1217,472.0,311.0,Nissan,Asia,Front,19240.0,18030.0,2.5,4.0,175.0,21.0,26.0,3039.0,110.0,192.0,103776.0
277,Nissan,Altima,Sedan,105,105,118,140,135,140,89,86,89,70,70,70,1217,473.0,312.0,Nissan,Asia,Front,23290.0,21580.0,3.5,6.0,245.0,21.0,26.0,3197.0,110.0,192.0,103776.0
278,Nissan,Armada,SUV,47,47,53,65,63,65,49,47,49,37,37,37,596,484.0,610.0,Nissan,,,32462.695454545454,29732.477272727272,,,,,,,,,22815.0
279,Nissan,Frontier,Truck,0,0,0,0,0,0,156,150,156,418,418,418,1716,480.0,319.0,Nissan,Asia,All,19479.0,18253.0,3.3,6.0,180.0,17.0,20.0,3932.0,116.0,191.0,60697.0
280,Nissan,GT-R,2 Door Coupe,4,4,5,4,4,4,4,4,4,5,5,5,52,485.0,611.0,Nissan,,,32462.695454545454,29732.477272727272,,,,,,,,,228.0
281,Nissan,Kicks,SUV,1415,1415,1592,1758,1690,1758,1250,1464,1520,1539,1539,1539,18479,486.0,612.0,Nissan,,,32462.695454545454,29732.477272727272,,,,,,,,,82960.0
282,Nissan,Leaf,Sedan,82,82,93,129,124,129,96,92,96,100,100,100,1223,487.0,613.0,Nissan,,,32462.695454545454,29732.477272727272,,,,,,,,,14237.0
283,Nissan,Maxima,Sedan,20,20,23,95,91,95,29,28,29,19,19,19,487,474.0,313.0,Nissan,Asia,Front,27490.0,25182.0,3.5,6.0,265.0,20.0,28.0,3473.0,111.0,194.0,16386.0
284,Nissan,Maxima,Sedan,20,20,23,95,91,95,29,28,29,19,19,19,487,475.0,314.0,Nissan,Asia,Front,29440.0,26966.0,3.5,6.0,265.0,20.0,28.0,3476.0,111.0,194.0,16386.0
285,Nissan,Murano,SUV,525,525,591,692,666,692,678,653,678,384,384,384,6852,482.0,321.0,Nissan,Asia,Rear,28739.0,27300.0,3.5,6.0,245.0,20.0,25.0,3801.0,111.0,188.0,46115.0
286,Nissan,NV, Commercial Van,200,200,225,421,405,421,313,301,313,127,127,127,3180,488.0,614.0,Nissan,,,32462.695454545454,29732.477272727272,,,,,,,,,11374.0
287,Nissan,Pathfinder,SUV,301,301,339,162,156,162,383,369,383,229,229,229,3243,466.0,305.0,Nissan,Asia,Front,33840.0,30815.0,5.6,8.0,305.0,13.0,19.0,5013.0,123.0,207.0,41324.0
288,Nissan,Pathfinder,SUV,301,301,339,162,156,162,383,369,383,229,229,229,3243,467.0,306.0,Nissan,Asia,Front,27339.0,25972.0,3.5,6.0,240.0,16.0,21.0,3871.0,106.0,183.0,41324.0
289,Nissan,Qashqai,SUV,955,955,1074,1148,1104,1148,985,949,985,890,890,890,11973,,,,,,,,,,,,,,,,
290,Nissan,Rogue,SUV,2950,2950,3318,2784,2677,2784,2697,2597,2697,1491,1491,1491,29927,490.0,616.0,Nissan,,,32462.695454545454,29732.477272727272,,,,,,,,,285601.0
291,Nissan,Sentra,Sedan,718,718,808,932,896,932,1265,1218,1265,421,421,421,10015,469.0,308.0,Nissan,Asia,Front,12740.0,12205.0,1.8,4.0,126.0,28.0,35.0,2513.0,100.0,178.0,127862.0
292,Nissan,Sentra,Sedan,718,718,808,932,896,932,1265,1218,1265,421,421,421,10015,470.0,309.0,Nissan,Asia,Front,14740.0,13747.0,1.8,4.0,126.0,28.0,35.0,2581.0,100.0,178.0,127862.0
293,Nissan,Sentra,Sedan,718,718,808,932,896,932,1265,1218,1265,421,421,421,10015,471.0,310.0,Nissan,Asia,Front,17640.0,16444.0,2.5,4.0,165.0,23.0,28.0,2761.0,100.0,178.0,127862.0
294,Nissan,Titan,Truck,30,30,34,71,68,71,23,22,23,14,14,14,414,481.0,320.0,Nissan,Asia,All,26650.0,24926.0,5.6,8.0,305.0,14.0,18.0,5287.0,140.0,224.0,27406.0
295,Nissan,Versa,Sedan,188,188,212,410,394,410,247,238,247,121,121,121,2897,491.0,617.0,Nissan,,,32462.695454545454,29732.477272727272,,,,,,,,,60913.0
296,Porsche,718,2 Door Coupe,37,37,41,75,72,75,66,63,66,36,36,36,640,,,,,,,,,,,,,,,,
297,Porsche,911,2 Door Coupe,70,70,79,178,171,178,86,83,86,121,121,121,1364,,,,,,,,,,,,,,,,
298,Porsche,Cayenne,SUV,131,131,147,296,285,296,279,269,279,110,110,110,2443,506.0,336.0,Porsche,Europe,All,56665.0,49865.0,4.5,8.0,340.0,14.0,18.0,4950.0,112.0,188.0,21048.0
299,Porsche,Macan,SUV,228,228,257,355,341,355,268,258,268,366,366,366,3656,514.0,619.0,Porsche,,,32462.695454545454,29732.477272727272,,,,,,,,,22002.0
300,Porsche,Panamera,Sedan,10,10,11,34,33,34,31,30,31,27,27,27,305,515.0,620.0,Porsche,,,32462.695454545454,29732.477272727272,,,,,,,,,3555.0
301,Porsche,Taycan,Sedan,54,54,60,94,90,94,44,43,44,52,52,52,733,516.0,621.0,Porsche,,,32462.695454545454,29732.477272727272,,,,,,,,,8747.0
302,Ram,Pickup,Truck,6837,6837,7692,6219,5980,6219,5023,4837,5023,6270,6270,6270,73477,517.0,622.0,Ram,,,32462.695454545454,29732.477272727272,,,,,,,,,569389.0
303,Ram,ProMaster, Commercial Van,217,217,244,213,205,213,276,266,276,295,295,295,3012,518.0,623.0,Ram,,,32462.695454545454,29732.477272727272,,,,,,,,,63362.0
304,Ram,ProMaster, Commercial Van,217,217,244,213,205,213,276,266,276,295,295,295,3012,519.0,624.0,Ram,,,32462.695454545454,29732.477272727272,,,,,,,,,14578.0
305,Ram,ProMaster City, Commercial Van,21,21,24,64,62,64,25,24,25,64,64,64,522,,,,,,,,,,,,,,,,
306,Subaru,Ascent,SUV,147,231,342,306,306,394,305,260,136,78,426,428,3359,551.0,625.0,Subaru,,,32462.695454545454,29732.477272727272,,,,,,,,,74650.0
307,Subaru,BRZ,2 Door Coupe,19,31,46,42,27,4,1,1,1,0,129,137,438,552.0,626.0,Subaru,,,32462.695454545454,29732.477272727272,,,,,,,,,2320.0
308,Subaru,CrossTrek,SUV,1003,1336,2166,1827,2234,2306,2839,2568,2441,2935,1038,649,23342,553.0,627.0,Subaru,,,32462.695454545454,29732.477272727272,,,,,,,,,127466.0
309,Subaru,Forester,SUV,526,582,1091,1106,1311,1116,1145,1145,892,506,121,282,9823,550.0,373.0,Subaru,Asia,All,21445.0,19646.0,2.5,4.0,165.0,21.0,28.0,3090.0,99.0,175.0,154723.0
310,Subaru,Impreza,Sedan,176,178,334,329,345,362,317,310,426,482,699,458,4416,537.0,360.0,Subaru,Asia,All,19945.0,18399.0,2.5,4.0,165.0,22.0,28.0,2965.0,99.0,174.0,34791.0
311,Subaru,Impreza,Sedan,176,178,334,329,345,362,317,310,426,482,699,458,4416,538.0,361.0,Subaru,Asia,All,19945.0,18399.0,2.5,4.0,165.0,22.0,28.0,2965.0,99.0,174.0,27141.0
312,Subaru,Impreza,Sedan,176,178,334,329,345,362,317,310,426,482,699,458,4416,539.0,362.0,Subaru,Asia,All,25045.0,23022.0,2.0,4.0,227.0,20.0,27.0,3085.0,99.0,174.0,34791.0
313,Subaru,Impreza,Sedan,176,178,334,329,345,362,317,310,426,482,699,458,4416,540.0,363.0,Subaru,Asia,All,25045.0,23022.0,2.0,4.0,227.0,20.0,27.0,3085.0,99.0,174.0,27141.0
314,Subaru,Impreza,Sedan,176,178,334,329,345,362,317,310,426,482,699,458,4416,541.0,364.0,Subaru,Asia,All,31545.0,29130.0,2.5,4.0,300.0,18.0,24.0,3263.0,100.0,174.0,34791.0
315,Subaru,Impreza,Sedan,176,178,334,329,345,362,317,310,426,482,699,458,4416,542.0,365.0,Subaru,Asia,All,31545.0,29130.0,2.5,4.0,300.0,18.0,24.0,3263.0,100.0,174.0,27141.0
316,Subaru,Impreza WRX,Sedan,185,129,171,385,370,308,360,294,389,553,111,23,3278,,,,,,,,,,,,,,,,
317,Subaru,Legacy,Sedan,53,57,102,82,92,51,84,88,98,84,85,74,950,543.0,366.0,Subaru,Asia,All,20445.0,18713.0,2.5,4.0,165.0,21.0,28.0,3285.0,104.0,184.0,22766.0
318,Subaru,Legacy,Sedan,53,57,102,82,92,51,84,88,98,84,85,74,950,544.0,367.0,Subaru,Asia,All,25645.0,23336.0,2.5,4.0,165.0,21.0,28.0,3395.0,104.0,184.0,22766.0
319,Subaru,Outback,SUV,544,677,1134,1122,818,709,988,1187,1337,1017,800,931,11264,545.0,368.0,Subaru,Asia,All,27145.0,24687.0,2.5,4.0,165.0,20.0,27.0,3495.0,104.0,184.0,154623.0
320,Subaru,Outback,SUV,544,677,1134,1122,818,709,988,1187,1337,1017,800,931,11264,546.0,369.0,Subaru,Asia,All,29345.0,26660.0,3.0,6.0,212.0,19.0,26.0,3610.0,104.0,184.0,154623.0
321,Subaru,Outback,SUV,544,677,1134,1122,818,709,988,1187,1337,1017,800,931,11264,547.0,370.0,Subaru,Asia,All,31545.0,28603.0,3.0,6.0,212.0,19.0,26.0,3630.0,104.0,184.0,154623.0
322,Subaru,Outback,SUV,544,677,1134,1122,818,709,988,1187,1337,1017,800,931,11264,548.0,371.0,Subaru,Asia,All,23895.0,21773.0,2.5,4.0,165.0,21.0,28.0,3430.0,104.0,187.0,154623.0
323,Tesla,Model 3,Sedan,1024,1024,1152,1081,1039,1081,1080,1040,1080,1067,1067,1067,12802,,,,,,,,,,,,,,,,
324,Tesla,Model S,Sedan,48,48,54,51,49,51,51,49,51,50,50,50,602,,,,,,,,,,,,,,,,
325,Tesla,Model X,SUV,80,80,90,84,81,84,84,81,84,83,83,83,997,,,,,,,,,,,,,,,,
326,Tesla,Model Y,SUV,512,512,576,540,519,540,540,520,540,533,533,533,6398,,,,,,,,,,,,,,,,
327,Toyota,4Runner,SUV,668,748,738,643,601,710,788,983,814,533,533,533,8292,568.0,384.0,Toyota,Asia,Front,27710.0,24801.0,4.0,6.0,245.0,18.0,21.0,4035.0,110.0,189.0,144696.0
328,Toyota,86 FR-S,2 Door Coupe,10,6,17,13,14,7,2,0,0,2,2,2,75,,,,,,,,,,,,,,,,
329,Toyota,Avalon,Sedan,17,12,17,19,23,14,12,18,14,7,7,7,167,587.0,403.0,Toyota,Asia,Front,26560.0,23693.0,3.0,6.0,210.0,21.0,29.0,3417.0,107.0,192.0,18280.0
330,Toyota,Avalon,Sedan,17,12,17,19,23,14,12,18,14,7,7,7,167,588.0,404.0,Toyota,Asia,Front,30920.0,27271.0,3.0,6.0,210.0,21.0,29.0,3439.0,107.0,192.0,18280.0
331,Toyota,C-HR,SUV,297,478,778,835,910,875,1061,922,874,382,382,382,8176,598.0,633.0,Toyota,,,32462.695454545454,29732.477272727272,,,,,,,,,35707.0
332,Toyota,Camry,Sedan,714,672,900,1132,1353,1241,1449,1209,1043,728,728,728,11897,581.0,397.0,Toyota,Asia,Front,19560.0,17558.0,2.4,4.0,157.0,24.0,33.0,3086.0,107.0,189.0,313795.0
333,Toyota,Camry,Sedan,714,672,900,1132,1353,1241,1449,1209,1043,728,728,728,11897,582.0,398.0,Toyota,Asia,Front,22775.0,20325.0,3.0,6.0,210.0,21.0,29.0,3296.0,107.0,189.0,313795.0
334,Toyota,Camry,Sedan,714,672,900,1132,1353,1241,1449,1209,1043,728,728,728,11897,583.0,399.0,Toyota,Asia,Front,19635.0,17722.0,2.4,4.0,157.0,24.0,33.0,3175.0,107.0,193.0,313795.0
335,Toyota,Camry,Sedan,714,672,900,1132,1353,1241,1449,1209,1043,728,728,728,11897,584.0,400.0,Toyota,Asia,Front,21965.0,19819.0,3.3,6.0,225.0,20.0,29.0,3417.0,107.0,193.0,313795.0
336,Toyota,Camry,Sedan,714,672,900,1132,1353,1241,1449,1209,1043,728,728,728,11897,585.0,401.0,Toyota,Asia,Front,25920.0,23125.0,3.0,6.0,210.0,21.0,29.0,3362.0,107.0,189.0,313795.0
337,Toyota,Camry,Sedan,714,672,900,1132,1353,1241,1449,1209,1043,728,728,728,11897,586.0,402.0,Toyota,Asia,Front,26510.0,23908.0,3.3,6.0,225.0,20.0,29.0,3439.0,107.0,193.0,313795.0
338,Toyota,Corolla,Sedan,1595,1925,3596,3672,4592,5192,4152,4268,4635,2131,2131,2131,40020,572.0,388.0,Toyota,Asia,Front,14085.0,13065.0,1.8,4.0,130.0,32.0,40.0,2502.0,102.0,178.0,223215.0
339,Toyota,Corolla,Sedan,1595,1925,3596,3672,4592,5192,4152,4268,4635,2131,2131,2131,40020,573.0,389.0,Toyota,Asia,Front,14085.0,13065.0,1.8,4.0,130.0,32.0,40.0,2502.0,102.0,178.0,7203.0
340,Toyota,Corolla,Sedan,1595,1925,3596,3672,4592,5192,4152,4268,4635,2131,2131,2131,40020,574.0,390.0,Toyota,Asia,Front,15030.0,13650.0,1.8,4.0,130.0,32.0,40.0,2524.0,102.0,178.0,223215.0
341,Toyota,Corolla,Sedan,1595,1925,3596,3672,4592,5192,4152,4268,4635,2131,2131,2131,40020,575.0,391.0,Toyota,Asia,Front,15030.0,13650.0,1.8,4.0,130.0,32.0,40.0,2524.0,102.0,178.0,7203.0
342,Toyota,Corolla,Sedan,1595,1925,3596,3672,4592,5192,4152,4268,4635,2131,2131,2131,40020,576.0,392.0,Toyota,Asia,Front,15295.0,13889.0,1.8,4.0,130.0,32.0,40.0,2524.0,102.0,178.0,223215.0
343,Toyota,Corolla,Sedan,1595,1925,3596,3672,4592,5192,4152,4268,4635,2131,2131,2131,40020,577.0,393.0,Toyota,Asia,Front,15295.0,13889.0,1.8,4.0,130.0,32.0,40.0,2524.0,102.0,178.0,7203.0
344,Toyota,Corolla Cross,SUV,0,0,0,0,0,0,0,0,0,289,289,289,867,,,,,,,,,,,,,,,,
345,Toyota,Highlander,SUV,1029,1328,2013,1827,1917,2289,2070,1863,1499,1350,1350,1350,19885,569.0,385.0,Toyota,Asia,All,27930.0,24915.0,3.3,6.0,230.0,18.0,24.0,3935.0,107.0,185.0,264128.0
346,Toyota,Land Cruiser,SUV,32,20,18,28,25,30,43,31,20,47,47,47,388,,,,,,,,,,,,,,,,
347,Toyota,Mirai,Sedan,16,3,3,0,1,1,1,2,38,21,21,21,128,601.0,636.0,Toyota,,,32462.695454545454,29732.477272727272,,,,,,,,,2629.0
348,Toyota,Prius Family,Sedan,182,289,595,616,639,786,841,852,0,425,425,425,6075,,,,,,,,,,,,,,,,
349,Toyota,RAV4,SUV,3699,4594,7372,7920,7088,7235,6702,5264,2954,3035,3035,3035,61933,571.0,387.0,Toyota,Asia,All,20290.0,18553.0,2.4,4.0,161.0,22.0,27.0,3119.0,98.0,167.0,407739.0
350,Toyota,Sequoia,SUV,36,38,36,52,33,44,31,15,39,31,31,31,417,567.0,383.0,Toyota,Asia,All,35695.0,31827.0,4.7,8.0,240.0,14.0,17.0,5270.0,118.0,204.0,8070.0
351,Toyota,Sienna,Minivan,751,745,775,957,918,1616,1330,722,1466,863,863,863,11869,589.0,405.0,Toyota,Asia,Front,23495.0,21198.0,3.3,6.0,230.0,19.0,27.0,4120.0,119.0,200.0,14782.0
352,Toyota,Sienna,Minivan,751,745,775,957,918,1616,1330,722,1466,863,863,863,11869,590.0,406.0,Toyota,Asia,Front,28800.0,25690.0,3.3,6.0,230.0,19.0,27.0,4165.0,119.0,200.0,14782.0
353,Toyota,Supra,2 Door Coupe,13,7,24,48,73,79,53,29,33,17,17,17,410,602.0,637.0,Toyota,,,32462.695454545454,29732.477272727272,,,,,,,,,6830.0
354,Toyota,Tacoma,Truck,784,697,994,1884,1476,1514,1388,1300,1704,1046,1046,1046,14879,593.0,409.0,Toyota,Asia,Rear,12800.0,11879.0,2.4,4.0,142.0,22.0,27.0,2750.0,103.0,191.0,252490.0
355,Toyota,Tundra,Truck,555,500,493,603,507,627,570,482,640,559,559,559,6654,594.0,410.0,Toyota,Asia,Rear,16495.0,14978.0,3.4,6.0,190.0,16.0,18.0,3925.0,128.0,218.0,81959.0
356,Toyota,Tundra,Truck,555,500,493,603,507,627,570,482,640,559,559,559,6654,595.0,411.0,Toyota,Asia,All,25935.0,23520.0,3.4,6.0,190.0,14.0,17.0,4435.0,128.0,218.0,81959.0
357,Toyota,Venza,SUV,174,217,407,494,500,505,744,841,948,473,473,473,6249,603.0,638.0,Toyota,,,32462.695454545454,29732.477272727272,,,,,,,,,61718.0
358,Toyota,Yaris,Sedan,41,57,103,43,39,0,0,0,0,0,0,0,283,604.0,639.0,Toyota,,,32462.695454545454,29732.477272727272,,,,,,,,,205.0
359,Volkswagen,Arteon,Sedan,19,19,21,37,36,37,28,27,28,13,13,13,291,620.0,640.0,Volkswagen,,,32462.695454545454,29732.477272727272,,,,,,,,,5537.0
360,Volkswagen,Atlas,SUV,840,840,945,1358,1306,1358,1378,1327,1378,920,920,920,13490,621.0,641.0,Volkswagen,,,32462.695454545454,29732.477272727272,,,,,,,,,72383.0
361,Volkswagen,Atlas,SUV,840,840,945,1358,1306,1358,1378,1327,1378,920,920,920,13490,622.0,642.0,Volkswagen,,,32462.695454545454,29732.477272727272,,,,,,,,,44304.0
362,Volkswagen,Beetle,2 Door Coupe,1,1,1,0,0,0,0,0,0,0,0,0,3,,,,,,,,,,,,,,,,
363,Volkswagen,Golf,Sedan,774,774,871,1110,1068,1110,741,714,741,228,228,228,8587,606.0,414.0,Volkswagen,Europe,Front,18715.0,17478.0,2.0,4.0,115.0,24.0,31.0,2897.0,99.0,165.0,6537.0
364,Volkswagen,ID.4,SUV,0,0,0,0,0,0,0,0,0,179,179,179,537,623.0,643.0,Volkswagen,,,32462.695454545454,29732.477272727272,,,,,,,,,16745.0
365,Volkswagen,Jetta,Sedan,829,829,933,1022,983,1022,1466,1412,1466,874,874,874,12584,608.0,416.0,Volkswagen,Europe,Front,21055.0,19638.0,1.9,4.0,100.0,38.0,46.0,3003.0,99.0,172.0,55113.0
366,Volkswagen,Jetta,Sedan,829,829,933,1022,983,1022,1466,1412,1466,874,874,874,12584,609.0,417.0,Volkswagen,Europe,Front,23785.0,21686.0,2.8,6.0,200.0,21.0,30.0,3179.0,99.0,172.0,55113.0
367,Volkswagen,Jetta,Sedan,829,829,933,1022,983,1022,1466,1412,1466,874,874,874,12584,610.0,418.0,Volkswagen,Europe,Front,19005.0,17427.0,2.0,4.0,115.0,24.0,30.0,3034.0,99.0,174.0,55113.0
368,Volkswagen,Passat,Sedan,209,209,235,214,206,214,166,160,166,125,125,125,2154,613.0,421.0,Volkswagen,Europe,Front,23955.0,21898.0,1.8,4.0,170.0,22.0,31.0,3241.0,106.0,185.0,24398.0
369,Volkswagen,Passat,Sedan,209,209,235,214,206,214,166,160,166,125,125,125,2154,614.0,422.0,Volkswagen,Europe,Front,33180.0,30583.0,2.8,6.0,190.0,19.0,26.0,3721.0,106.0,185.0,24398.0
370,Volkswagen,Passat,Sedan,209,209,235,214,206,214,166,160,166,125,125,125,2154,615.0,423.0,Volkswagen,Europe,Front,39235.0,36052.0,4.0,8.0,270.0,18.0,25.0,3953.0,106.0,185.0,24398.0
371,Volkswagen,Passat,Sedan,209,209,235,214,206,214,166,160,166,125,125,125,2154,616.0,424.0,Volkswagen,Europe,Front,24955.0,22801.0,1.8,4.0,170.0,22.0,31.0,3338.0,106.0,184.0,24398.0
372,Volkswagen,Passat,Sedan,209,209,235,214,206,214,166,160,166,125,125,125,2154,617.0,425.0,Volkswagen,Europe,Front,40235.0,36956.0,4.0,8.0,270.0,18.0,25.0,4067.0,106.0,184.0,24398.0
373,Volkswagen,Taos,SUV,0,0,0,59,56,59,263,253,263,889,889,889,3620,624.0,644.0,Volkswagen,,,32462.695454545454,29732.477272727272,,,,,,,,,31703.0
374,Volkswagen,Tiguan,SUV,1076,1076,1211,1837,1766,1837,2225,2142,2225,1212,1212,1212,19031,625.0,645.0,Volkswagen,,,32462.695454545454,29732.477272727272,,,,,,,,,109742.0
375,Volvo,60-Series,SUV,98,98,110,0,134,81,121,157,95,122,158,96,1270,638.0,646.0,Volvo,,,32462.695454545454,29732.477272727272,,,,,,,,,14846.0
376,Volvo,90-Series,SUV,7,7,8,15,19,12,15,19,12,23,29,18,184,639.0,647.0,Volvo,,,32462.695454545454,29732.477272727272,,,,,,,,,1495.0
377,Volvo,XC40,SUV,222,222,250,369,477,289,252,327,198,224,290,176,3296,641.0,649.0,Volvo,,,32462.695454545454,29732.477272727272,,,,,,,,,26802.0
378,Volvo,XC60,SUV,155,155,174,241,312,189,395,511,309,311,402,244,3398,642.0,650.0,Volvo,,,32462.695454545454,29732.477272727272,,,,,,,,,41582.0
379,Volvo,XC90,SUV,190,190,214,261,338,205,281,364,220,192,249,151,2855,626.0,428.0,Volvo,Europe,All,41250.0,38851.0,2.9,6.0,268.0,15.0,20.0,4638.0,113.0,189.0,38657.0
