,Make,Model,Origin,DriveTrain,MSRP,Invoice,EngineSize,Cylinders,Horsepower,MPG_City,MPG_Highway,Weight,Wheelbase,Length,Sum
0,Acura,MDX,Asia,All,"$36,945.00","$33,337.00",3.5,6.0,265.0,17.0,23.0,4451.0,106.0,189.0,60057.0
1,Acura,RSX,Asia,Front,"$23,820.00","$21,761.00",2.0,4.0,200.0,24.0,31.0,2778.0,101.0,172.0,
2,Acura,TSX,Asia,Front,"$26,990.00","$24,647.00",2.4,4.0,200.0,22.0,29.0,3230.0,105.0,183.0,
3,Acura,TL,Asia,Front,"$33,195.00","$30,299.00",3.2,6.0,270.0,20.0,28.0,3575.0,108.0,186.0,
4,Acura,3.5,Asia,Front,"$43,755.00","$39,014.00",3.5,6.0,225.0,18.0,24.0,3880.0,115.0,197.0,
5,Acura,3.5,Asia,Front,"$46,100.00","$41,100.00",3.5,6.0,225.0,18.0,24.0,3893.0,115.0,197.0,
6,Acura,NSX,Asia,Rear,"$89,765.00","$79,978.00",3.2,6.0,290.0,17.0,24.0,3153.0,100.0,174.0,124.0
7,Audi,A4,Europe,Front,"$25,940.00","$23,508.00",1.8,4.0,170.0,22.0,31.0,3252.0,104.0,179.0,16263.0
8,Audi,A4,Europe,Front,"$31,840.00","$28,846.00",3.0,6.0,220.0,20.0,28.0,3462.0,104.0,179.0,16263.0
9,Audi,A4,Europe,All,"$33,430.00","$30,366.00",3.0,6.0,220.0,17.0,26.0,3583.0,104.0,179.0,16263.0
10,Audi,A4,Europe,All,"$34,480.00","$31,388.00",3.0,6.0,220.0,18.0,25.0,3627.0,104.0,179.0,16263.0
11,Audi,A4,Europe,Front,"$42,490.00","$38,325.00",3.0,6.0,220.0,20.0,27.0,3814.0,105.0,180.0,16263.0
12,Audi,A4,Europe,All,"$44,240.00","$40,075.00",3.0,6.0,220.0,18.0,25.0,4013.0,105.0,180.0,16263.0
13,Audi,A41.8T,Europe,Front,"$35,940.00","$32,506.00",1.8,4.0,170.0,23.0,30.0,3638.0,105.0,180.0,
14,Audi,A6,Europe,Front,"$36,640.00","$33,129.00",3.0,6.0,220.0,20.0,27.0,3561.0,109.0,192.0,9543.0
15,Audi,A6,Europe,All,"$39,640.00","$35,992.00",3.0,6.0,220.0,18.0,25.0,3880.0,109.0,192.0,9543.0
16,Audi,A6,Europe,All,"$42,840.00","$38,840.00",2.7,6.0,250.0,18.0,25.0,3836.0,109.0,192.0,9543.0
17,Audi,A6,Europe,All,"$49,690.00","$44,936.00",4.2,8.0,300.0,17.0,24.0,4024.0,109.0,193.0,9543.0
18,Audi,A6,Europe,All,"$40,840.00","$37,060.00",3.0,6.0,220.0,18.0,25.0,4035.0,109.0,192.0,9543.0
19,Audi,A8,Europe,All,"$69,190.00","$64,740.00",4.2,8.0,330.0,17.0,24.0,4399.0,121.0,204.0,2068.0
20,Audi,S4,Europe,All,"$48,040.00","$43,556.00",4.2,8.0,340.0,14.0,20.0,3825.0,104.0,179.0,
21,Audi,S4,Europe,All,"$49,090.00","$44,446.00",4.2,8.0,340.0,15.0,21.0,3936.0,104.0,179.0,
22,Audi,RS,Europe,Front,"$84,600.00","$76,417.00",4.2,8.0,450.0,15.0,22.0,4024.0,109.0,191.0,
23,Audi,TT,Europe,Front,"$35,940.00","$32,512.00",1.8,4.0,180.0,20.0,28.0,3131.0,95.0,159.0,987.0
24,Audi,TT,Europe,All,"$37,390.00","$33,891.00",1.8,4.0,225.0,20.0,28.0,2921.0,96.0,159.0,987.0
25,Audi,TT,Europe,All,"$40,590.00","$36,739.00",3.2,6.0,250.0,21.0,29.0,3351.0,96.0,159.0,987.0
26,BMW,X3,Europe,All,"$37,000.00","$33,873.00",3.0,6.0,225.0,16.0,23.0,4023.0,110.0,180.0,75858.0
27,BMW,X5,Europe,All,"$52,195.00","$47,720.00",4.4,8.0,325.0,16.0,22.0,4824.0,111.0,184.0,60724.0
28,BMW,325i,Europe,Rear,"$28,495.00","$26,155.00",2.5,6.0,184.0,20.0,29.0,3219.0,107.0,176.0,
29,BMW,325Ci,Europe,Rear,"$30,795.00","$28,245.00",2.5,6.0,184.0,20.0,29.0,3197.0,107.0,177.0,
30,BMW,325Ci,Europe,Rear,"$37,995.00","$34,800.00",2.5,6.0,184.0,19.0,27.0,3560.0,107.0,177.0,
31,BMW,325xi,Europe,All,"$30,245.00","$27,745.00",2.5,6.0,184.0,19.0,27.0,3461.0,107.0,176.0,
32,BMW,325xi,Europe,All,"$32,845.00","$30,110.00",2.5,6.0,184.0,19.0,26.0,3594.0,107.0,176.0,
33,BMW,330i,Europe,Rear,"$35,495.00","$32,525.00",3.0,6.0,225.0,20.0,30.0,3285.0,107.0,176.0,
34,BMW,330Ci,Europe,Rear,"$36,995.00","$33,890.00",3.0,6.0,225.0,20.0,30.0,3285.0,107.0,176.0,
35,BMW,330Ci,Europe,Rear,"$44,295.00","$40,530.00",3.0,6.0,225.0,19.0,28.0,3616.0,107.0,177.0,
36,BMW,330xi,Europe,All,"$37,245.00","$34,115.00",3.0,6.0,225.0,20.0,29.0,3483.0,107.0,176.0,
37,BMW,525i,Europe,Rear,"$39,995.00","$36,620.00",2.5,6.0,184.0,19.0,28.0,3428.0,114.0,191.0,
38,BMW,530i,Europe,Rear,"$44,995.00","$41,170.00",3.0,6.0,225.0,20.0,30.0,3472.0,114.0,191.0,
39,BMW,545iA,Europe,Rear,"$54,995.00","$50,270.00",4.4,8.0,325.0,18.0,26.0,3814.0,114.0,191.0,
40,BMW,745i,Europe,Rear,"$69,195.00","$63,190.00",4.4,8.0,325.0,18.0,26.0,4376.0,118.0,198.0,
41,BMW,745Li,Europe,Rear,"$73,195.00","$66,830.00",4.4,8.0,325.0,18.0,26.0,4464.0,123.0,204.0,
42,BMW,M3,Europe,Rear,"$48,195.00","$44,170.00",3.2,6.0,333.0,16.0,24.0,3415.0,108.0,177.0,
43,BMW,M3,Europe,Rear,"$56,595.00","$51,815.00",3.2,6.0,333.0,16.0,23.0,3781.0,108.0,177.0,
44,BMW,Z4,Europe,Rear,"$33,895.00","$31,065.00",2.5,6.0,184.0,20.0,28.0,2932.0,98.0,161.0,2412.0
45,BMW,Z4,Europe,Rear,"$41,045.00","$37,575.00",3.0,6.0,225.0,21.0,29.0,2998.0,98.0,161.0,2412.0
46,Buick,Rainier,USA,All,"$37,895.00","$34,357.00",4.2,6.0,275.0,15.0,21.0,4600.0,113.0,193.0,
47,Buick,Rendezvous,USA,Front,"$26,545.00","$24,085.00",3.4,6.0,185.0,19.0,26.0,4024.0,112.0,187.0,
48,Buick,Century,USA,Front,"$22,180.00","$20,351.00",3.1,6.0,175.0,20.0,30.0,3353.0,109.0,195.0,
49,Buick,LeSabre,USA,Front,"$26,470.00","$24,282.00",3.8,6.0,205.0,20.0,29.0,3567.0,112.0,200.0,
50,Buick,LeSabre,USA,Front,"$32,245.00","$29,566.00",3.8,6.0,205.0,20.0,29.0,3591.0,112.0,200.0,
51,Buick,Regal,USA,Front,"$24,895.00","$22,835.00",3.8,6.0,200.0,20.0,30.0,3461.0,109.0,196.0,19.0
52,Buick,Regal,USA,Front,"$28,345.00","$26,047.00",3.8,6.0,240.0,18.0,28.0,3536.0,109.0,196.0,19.0
53,Buick,Park,USA,Front,"$35,545.00","$32,244.00",3.8,6.0,205.0,20.0,29.0,3778.0,114.0,207.0,
54,Buick,Park,USA,Front,"$40,720.00","$36,927.00",3.8,6.0,240.0,18.0,28.0,3909.0,114.0,207.0,
55,Cadillac,Escalade,USA,Front,"$52,795.00","$48,377.00",5.3,8.0,295.0,14.0,18.0,5367.0,116.0,199.0,40504.0
56,Cadillac,Escalade,USA,All,"$52,975.00","$48,541.00",6.0,8.0,345.0,13.0,17.0,5879.0,130.0,221.0,40504.0
57,Cadillac,SRX,USA,Front,"$46,995.00","$43,523.00",4.6,8.0,320.0,16.0,21.0,4302.0,116.0,195.0,
58,Cadillac,CTS,USA,Rear,"$30,835.00","$28,575.00",3.6,6.0,255.0,18.0,25.0,3694.0,113.0,190.0,68.0
59,Cadillac,Deville,USA,Front,"$45,445.00","$41,650.00",4.6,8.0,275.0,18.0,26.0,3984.0,115.0,207.0,
60,Cadillac,Deville,USA,Front,"$50,595.00","$46,362.00",4.6,8.0,300.0,18.0,26.0,4044.0,115.0,207.0,
61,Cadillac,Seville,USA,Front,"$47,955.00","$43,841.00",4.6,8.0,275.0,18.0,26.0,3992.0,112.0,201.0,
62,Cadillac,XLR,USA,Rear,"$76,200.00","$70,546.00",4.6,8.0,320.0,17.0,25.0,3647.0,106.0,178.0,
63,Chevrolet,Suburban,USA,Front,"$42,735.00","$37,422.00",5.3,8.0,295.0,14.0,18.0,4947.0,130.0,219.0,85159.0
64,Chevrolet,Tahoe,USA,All,"$41,465.00","$36,287.00",5.3,8.0,295.0,14.0,18.0,5050.0,116.0,197.0,106019.0
65,Chevrolet,TrailBlazer,USA,Front,"$30,295.00","$27,479.00",4.2,6.0,275.0,16.0,21.0,4425.0,113.0,192.0,90163.0
66,Chevrolet,Tracker,USA,Front,"$20,255.00","$19,108.00",2.5,6.0,165.0,19.0,22.0,2866.0,98.0,163.0,
67,Chevrolet,Aveo,USA,Front,"$11,690.00","$10,965.00",1.6,4.0,103.0,28.0,34.0,2370.0,98.0,167.0,
68,Chevrolet,Aveo,USA,Front,"$12,585.00","$11,802.00",1.6,4.0,103.0,28.0,34.0,2348.0,98.0,153.0,
69,Chevrolet,Cavalier,USA,Front,"$14,610.00","$13,697.00",2.2,4.0,140.0,26.0,37.0,2617.0,104.0,183.0,
70,Chevrolet,Cavalier,USA,Front,"$14,810.00","$13,884.00",2.2,4.0,140.0,26.0,37.0,2676.0,104.0,183.0,
71,Chevrolet,Cavalier,USA,Front,"$16,385.00","$15,357.00",2.2,4.0,140.0,26.0,37.0,2617.0,104.0,183.0,
72,Chevrolet,Impala,USA,Front,"$21,900.00","$20,095.00",3.4,6.0,180.0,21.0,32.0,3465.0,111.0,200.0,750.0
73,Chevrolet,Impala,USA,Front,"$25,000.00","$22,931.00",3.8,6.0,200.0,20.0,30.0,3476.0,111.0,200.0,750.0
74,Chevrolet,Impala,USA,Front,"$27,995.00","$25,672.00",3.8,6.0,240.0,18.0,28.0,3606.0,111.0,200.0,750.0
75,Chevrolet,Malibu,USA,Front,"$18,995.00","$17,434.00",2.2,4.0,145.0,24.0,34.0,3174.0,106.0,188.0,39376.0
76,Chevrolet,Malibu,USA,Front,"$20,370.00","$18,639.00",3.5,6.0,200.0,22.0,30.0,3297.0,106.0,188.0,39376.0
77,Chevrolet,Malibu,USA,Front,"$23,495.00","$21,551.00",3.5,6.0,200.0,23.0,32.0,3315.0,106.0,188.0,39376.0
78,Chevrolet,Malibu,USA,Front,"$22,225.00","$20,394.00",3.5,6.0,200.0,22.0,30.0,3458.0,112.0,188.0,39376.0
79,Chevrolet,Monte,USA,Front,"$21,825.00","$20,026.00",3.4,6.0,180.0,21.0,32.0,3340.0,111.0,198.0,
80,Chevrolet,Monte,USA,Front,"$24,225.00","$22,222.00",3.8,6.0,200.0,18.0,28.0,3434.0,111.0,198.0,
81,Chevrolet,Astro,USA,All,"$26,395.00","$23,954.00",4.3,6.0,190.0,14.0,17.0,4605.0,111.0,190.0,
82,Chevrolet,Venture,USA,Front,"$27,020.00","$24,518.00",3.4,6.0,185.0,19.0,26.0,3699.0,112.0,187.0,
83,Chevrolet,Corvette,USA,Rear,"$44,535.00","$39,068.00",5.7,8.0,350.0,18.0,25.0,3246.0,105.0,180.0,33042.0
84,Chevrolet,Corvette,USA,Rear,"$51,535.00","$45,193.00",5.7,8.0,350.0,18.0,25.0,3248.0,105.0,180.0,33042.0
85,Chevrolet,Avalanche,USA,All,"$36,100.00","$31,689.00",5.3,8.0,295.0,14.0,18.0,5678.0,130.0,222.0,
86,Chevrolet,Colorado,USA,All,"$18,760.00","$17,070.00",2.8,4.0,175.0,18.0,23.0,3623.0,111.0,192.0,73008.0
87,Chevrolet,Silverado,USA,Rear,"$20,310.00","$18,480.00",4.3,6.0,200.0,15.0,21.0,4142.0,119.0,206.0,529765.0
88,Chevrolet,Silverado,USA,All,"$40,340.00","$35,399.00",6.0,8.0,300.0,13.0,17.0,4804.0,144.0,238.0,529765.0
89,Chevrolet,SSR,USA,Rear,"$41,995.00","$39,306.00",5.3,8.0,300.0,16.0,19.0,4760.0,116.0,191.0,
90,Chrysler,PT,USA,Front,"$17,985.00","$16,919.00",2.4,4.0,150.0,22.0,29.0,3101.0,103.0,169.0,
91,Chrysler,PT,USA,Front,"$22,000.00","$20,573.00",2.4,4.0,150.0,22.0,29.0,3105.0,103.0,169.0,
92,Chrysler,PT,USA,Front,"$25,955.00","$24,172.00",2.4,4.0,220.0,21.0,27.0,3217.0,103.0,169.0,
93,Chrysler,Sebring,USA,Front,"$19,090.00","$17,805.00",2.4,4.0,150.0,22.0,30.0,3173.0,108.0,191.0,
94,Chrysler,Sebring,USA,Front,"$21,840.00","$20,284.00",2.7,6.0,200.0,21.0,28.0,3222.0,108.0,191.0,
95,Chrysler,Sebring,USA,Front,"$25,215.00","$23,451.00",2.4,4.0,150.0,22.0,30.0,3357.0,106.0,194.0,
96,Chrysler,Sebring,USA,Front,"$30,950.00","$28,613.00",2.7,6.0,200.0,21.0,28.0,3448.0,106.0,194.0,
97,Chrysler,300M,USA,Front,"$29,865.00","$27,797.00",3.5,6.0,250.0,18.0,27.0,3581.0,113.0,198.0,
98,Chrysler,300M,USA,Front,"$33,295.00","$30,884.00",3.5,6.0,255.0,18.0,27.0,3650.0,113.0,198.0,
99,Chrysler,Concorde,USA,Front,"$24,130.00","$22,452.00",2.7,6.0,200.0,21.0,29.0,3479.0,113.0,208.0,
100,Chrysler,Concorde,USA,Front,"$26,860.00","$24,909.00",3.5,6.0,232.0,19.0,27.0,3548.0,113.0,208.0,
101,Chrysler,Town,USA,Front,"$27,490.00","$25,371.00",3.3,6.0,180.0,19.0,26.0,4068.0,119.0,201.0,23355.0
102,Chrysler,Town,USA,Front,"$38,380.00","$35,063.00",3.8,6.0,215.0,18.0,25.0,4331.0,119.0,201.0,23355.0
103,Chrysler,Crossfire,USA,Rear,"$34,495.00","$32,033.00",3.2,6.0,215.0,17.0,25.0,3060.0,95.0,160.0,
104,Chrysler,Pacifica,USA,Rear,"$31,230.00","$28,725.00",3.5,6.0,250.0,17.0,23.0,4675.0,116.0,199.0,74970.0
105,Dodge,Durango,USA,All,"$32,235.00","$29,472.00",4.7,8.0,230.0,15.0,21.0,4987.0,119.0,201.0,65936.0
106,Dodge,Neon,USA,Front,"$13,670.00","$12,849.00",2.0,4.0,132.0,29.0,36.0,2581.0,105.0,174.0,
107,Dodge,Neon,USA,Front,"$15,040.00","$14,086.00",2.0,4.0,132.0,29.0,36.0,2626.0,105.0,174.0,
108,Dodge,Intrepid,USA,Front,"$22,035.00","$20,502.00",2.7,6.0,200.0,21.0,29.0,3469.0,113.0,204.0,
109,Dodge,Intrepid,USA,Front,"$24,885.00","$23,058.00",3.5,6.0,232.0,18.0,27.0,3487.0,113.0,204.0,
110,Dodge,Stratus,USA,Front,"$18,820.00","$17,512.00",2.4,4.0,150.0,21.0,28.0,3182.0,108.0,191.0,
111,Dodge,Stratus,USA,Front,"$20,220.00","$18,821.00",2.4,4.0,150.0,21.0,28.0,3175.0,108.0,191.0,
112,Dodge,Caravan,USA,Front,"$21,795.00","$20,508.00",2.4,4.0,150.0,20.0,26.0,3862.0,113.0,189.0,
113,Dodge,Grand,USA,All,"$32,660.00","$29,812.00",3.8,6.0,215.0,18.0,25.0,4440.0,119.0,201.0,3037.0
114,Dodge,Viper,USA,Rear,"$81,795.00","$74,451.00",8.3,10.0,500.0,12.0,20.0,3410.0,99.0,176.0,6.0
115,Dodge,Dakota,USA,Rear,"$17,630.00","$16,264.00",3.7,6.0,210.0,16.0,22.0,3714.0,112.0,193.0,
116,Dodge,Dakota,USA,Rear,"$20,300.00","$18,670.00",3.7,6.0,210.0,16.0,22.0,3829.0,131.0,219.0,
117,Dodge,Ram,USA,Rear,"$20,215.00","$18,076.00",3.7,6.0,215.0,16.0,21.0,4542.0,121.0,208.0,
118,Ford,Excursion,USA,All,"$41,475.00","$36,494.00",6.8,10.0,310.0,10.0,13.0,7190.0,137.0,227.0,
119,Ford,Expedition,USA,Front,"$34,560.00","$30,468.00",4.6,8.0,232.0,15.0,19.0,5000.0,119.0,206.0,81988.0
120,Ford,Explorer,USA,All,"$29,670.00","$26,983.00",4.0,6.0,210.0,15.0,20.0,4463.0,114.0,190.0,219871.0
121,Ford,Escape,USA,All,"$22,515.00","$20,907.00",3.0,6.0,201.0,18.0,23.0,3346.0,103.0,173.0,145415.0
122,Ford,Focus,USA,Front,"$13,270.00","$12,482.00",2.0,4.0,130.0,26.0,33.0,2612.0,103.0,168.0,
123,Ford,Focus,USA,Front,"$13,730.00","$12,906.00",2.0,4.0,110.0,27.0,36.0,2606.0,103.0,168.0,
124,Ford,Focus,USA,Front,"$15,460.00","$14,496.00",2.0,4.0,130.0,26.0,33.0,2606.0,103.0,168.0,
125,Ford,Focus,USA,Front,"$15,580.00","$14,607.00",2.0,4.0,130.0,26.0,33.0,2691.0,103.0,168.0,
126,Ford,Focus,USA,Front,"$19,135.00","$17,878.00",2.0,4.0,170.0,21.0,28.0,2750.0,103.0,168.0,
127,Ford,Focus,USA,Front,"$17,475.00","$16,375.00",2.0,4.0,130.0,26.0,33.0,2702.0,103.0,178.0,
128,Ford,Taurus,USA,Front,"$20,320.00","$18,881.00",3.0,6.0,155.0,20.0,27.0,3306.0,109.0,198.0,
129,Ford,Taurus,USA,Front,"$22,735.00","$20,857.00",3.0,6.0,201.0,19.0,26.0,3313.0,109.0,198.0,
130,Ford,Taurus,USA,Front,"$22,290.00","$20,457.00",3.0,6.0,155.0,19.0,26.0,3497.0,109.0,198.0,
131,Ford,Crown,USA,Rear,"$24,345.00","$22,856.00",4.6,8.0,224.0,17.0,25.0,4057.0,115.0,212.0,
132,Ford,Crown,USA,Rear,"$27,370.00","$25,105.00",4.6,8.0,224.0,17.0,25.0,4057.0,115.0,212.0,
133,Ford,Crown,USA,Rear,"$30,315.00","$27,756.00",4.6,8.0,239.0,17.0,25.0,4057.0,115.0,212.0,
134,Ford,Freestar,USA,Front,"$26,930.00","$24,498.00",3.9,6.0,193.0,17.0,23.0,4275.0,121.0,201.0,
135,Ford,Mustang,USA,Rear,"$18,345.00","$16,943.00",3.8,6.0,193.0,20.0,29.0,3290.0,101.0,183.0,52384.0
136,Ford,Mustang,USA,Rear,"$18,345.00","$16,943.00",3.8,6.0,193.0,20.0,29.0,3290.0,101.0,183.0,27140.0
137,Ford,Mustang,USA,Rear,"$29,380.00","$26,875.00",4.6,8.0,260.0,17.0,25.0,3347.0,101.0,183.0,52384.0
138,Ford,Mustang,USA,Rear,"$29,380.00","$26,875.00",4.6,8.0,260.0,17.0,25.0,3347.0,101.0,183.0,27140.0
139,Ford,Thunderbird,USA,Front,"$37,530.00","$34,483.00",3.9,8.0,280.0,17.0,24.0,3780.0,107.0,186.0,
140,Ford,F-150,USA,Rear,"$22,010.00","$19,490.00",4.6,8.0,231.0,15.0,19.0,4788.0,126.0,211.0,
141,Ford,F-150,USA,All,"$33,540.00","$29,405.00",5.4,8.0,300.0,14.0,18.0,5464.0,133.0,218.0,
142,Ford,Ranger,USA,Rear,"$14,385.00","$13,717.00",2.3,4.0,143.0,24.0,29.0,3028.0,111.0,188.0,94755.0
143,GMC,Envoy,USA,Front,"$31,890.00","$28,922.00",4.2,6.0,275.0,15.0,19.0,4945.0,129.0,208.0,
144,GMC,Yukon,USA,Front,"$35,725.00","$31,361.00",4.8,8.0,285.0,16.0,19.0,5042.0,116.0,199.0,84243.0
145,GMC,Yukon,USA,All,"$46,265.00","$40,534.00",6.0,8.0,325.0,13.0,17.0,6133.0,130.0,219.0,84243.0
146,GMC,Safari,USA,Rear,"$25,640.00","$23,215.00",4.3,6.0,190.0,16.0,20.0,4309.0,111.0,190.0,
147,GMC,Canyon,USA,Rear,"$16,530.00","$14,877.00",2.8,4.0,175.0,18.0,25.0,3351.0,111.0,192.0,24125.0
148,GMC,Sierra,USA,Rear,"$25,717.00","$22,604.00",4.8,8.0,285.0,17.0,20.0,4548.0,144.0,230.0,248923.0
149,GMC,Sierra,USA,All,"$29,322.00","$25,759.00",6.0,8.0,300.0,13.0,18.0,5440.0,133.0,222.0,248923.0
150,GMC,Sonoma,USA,All,"$25,395.00","$23,043.00",4.3,6.0,190.0,15.0,19.0,4083.0,123.0,208.0,
151,Honda,Civic,Asia,Front,"$20,140.00","$18,451.00",1.4,4.0,93.0,46.0,51.0,2732.0,103.0,175.0,263787.0
152,Honda,Civic,Asia,Front,"$13,270.00","$12,175.00",1.7,4.0,115.0,32.0,38.0,2432.0,103.0,175.0,263787.0
153,Honda,Civic,Asia,Front,"$14,170.00","$12,996.00",1.7,4.0,117.0,36.0,44.0,2500.0,103.0,175.0,263787.0
154,Honda,Civic,Asia,Front,"$15,850.00","$14,531.00",1.7,4.0,115.0,32.0,38.0,2513.0,103.0,175.0,263787.0
155,Honda,Civic,Asia,Front,"$17,750.00","$16,265.00",1.7,4.0,127.0,32.0,37.0,2601.0,103.0,175.0,263787.0
156,Honda,Civic,Asia,Front,"$19,490.00","$17,849.00",2.0,4.0,160.0,26.0,30.0,2782.0,101.0,166.0,263787.0
157,Honda,Insight,Asia,Front,"$19,110.00","$17,911.00",2.0,3.0,73.0,60.0,66.0,1850.0,95.0,155.0,18685.0
158,Honda,Pilot,Asia,All,"$27,560.00","$24,843.00",3.5,6.0,240.0,17.0,22.0,4387.0,106.0,188.0,143062.0
159,Honda,CR-V,Asia,All,"$19,860.00","$18,419.00",2.4,4.0,160.0,21.0,25.0,3258.0,103.0,179.0,361271.0
160,Honda,Element,Asia,All,"$18,690.00","$17,334.00",2.4,4.0,160.0,21.0,24.0,3468.0,101.0,167.0,
161,Honda,Accord,Asia,Front,"$19,860.00","$17,924.00",2.4,4.0,160.0,26.0,34.0,2994.0,105.0,188.0,202676.0
162,Honda,Accord,Asia,Front,"$22,260.00","$20,080.00",2.4,4.0,160.0,26.0,34.0,3047.0,105.0,188.0,202676.0
163,Honda,Accord,Asia,Front,"$23,760.00","$21,428.00",3.0,6.0,240.0,21.0,30.0,3349.0,108.0,190.0,202676.0
164,Honda,Accord,Asia,Front,"$26,960.00","$24,304.00",3.0,6.0,240.0,21.0,30.0,3294.0,105.0,188.0,202676.0
165,Honda,Odyssey,Asia,Front,"$24,950.00","$22,498.00",3.5,6.0,240.0,18.0,25.0,4310.0,118.0,201.0,76125.0
166,Honda,Odyssey,Asia,Front,"$27,450.00","$24,744.00",3.5,6.0,240.0,18.0,25.0,4365.0,118.0,201.0,76125.0
167,Honda,S2000,Asia,Rear,"$33,260.00","$29,965.00",2.2,4.0,240.0,20.0,25.0,2835.0,95.0,162.0,
168,Hummer,H2,USA,All,"$49,995.00","$45,815.00",6.0,8.0,316.0,10.0,12.0,6400.0,123.0,190.0,
169,Hyundai,Santa,Asia,Front,"$21,589.00","$20,201.00",2.7,6.0,173.0,20.0,26.0,3549.0,103.0,177.0,9634.0
170,Hyundai,Santa,Asia,Front,"$21,589.00","$20,201.00",2.7,6.0,173.0,20.0,26.0,3549.0,103.0,177.0,112705.0
171,Hyundai,Accent,Asia,Front,"$10,539.00","$10,107.00",1.6,4.0,103.0,29.0,33.0,2255.0,96.0,167.0,18868.0
172,Hyundai,Accent,Asia,Front,"$11,839.00","$11,116.00",1.6,4.0,103.0,29.0,33.0,2290.0,96.0,167.0,18868.0
173,Hyundai,Accent,Asia,Front,"$11,939.00","$11,209.00",1.6,4.0,103.0,29.0,33.0,2339.0,96.0,167.0,18868.0
174,Hyundai,Elantra,Asia,Front,"$13,839.00","$12,781.00",2.0,4.0,138.0,26.0,34.0,2635.0,103.0,178.0,127360.0
175,Hyundai,Elantra,Asia,Front,"$15,389.00","$14,207.00",2.0,4.0,138.0,26.0,34.0,2635.0,103.0,178.0,127360.0
176,Hyundai,Elantra,Asia,Front,"$15,389.00","$14,207.00",2.0,4.0,138.0,26.0,34.0,2698.0,103.0,178.0,127360.0
177,Hyundai,Sonata,Asia,Front,"$19,339.00","$17,574.00",2.7,6.0,170.0,19.0,27.0,3217.0,106.0,187.0,83434.0
178,Hyundai,Sonata,Asia,Front,"$20,339.00","$18,380.00",2.7,6.0,170.0,19.0,27.0,3217.0,106.0,187.0,83434.0
179,Hyundai,XG350,Asia,Front,"$24,589.00","$22,055.00",3.5,6.0,194.0,17.0,26.0,3651.0,108.0,192.0,
180,Hyundai,XG350,Asia,Front,"$26,189.00","$23,486.00",3.5,6.0,194.0,17.0,26.0,3651.0,108.0,192.0,
181,Hyundai,Tiburon,Asia,Front,"$18,739.00","$17,101.00",2.7,6.0,172.0,19.0,26.0,3023.0,100.0,173.0,15744.0
182,Infiniti,G35,Asia,Rear,"$28,495.00","$26,157.00",3.5,6.0,260.0,18.0,26.0,3336.0,112.0,187.0,
183,Infiniti,G35,Asia,Rear,"$29,795.00","$27,536.00",3.5,6.0,280.0,18.0,26.0,3416.0,112.0,182.0,
184,Infiniti,G35,Asia,All,"$32,445.00","$29,783.00",3.5,6.0,260.0,18.0,26.0,3677.0,112.0,187.0,
185,Infiniti,I35,Asia,Front,"$31,145.00","$28,320.00",3.5,6.0,255.0,19.0,26.0,3306.0,108.0,194.0,
186,Infiniti,M45,Asia,Rear,"$42,845.00","$38,792.00",4.5,8.0,340.0,17.0,23.0,3851.0,110.0,197.0,
187,Infiniti,Q45,Asia,Rear,"$52,545.00","$47,575.00",4.5,8.0,340.0,17.0,23.0,3977.0,113.0,200.0,
188,Infiniti,FX35,Asia,Rear,"$34,895.00","$31,756.00",3.5,6.0,280.0,16.0,22.0,4056.0,112.0,189.0,
189,Infiniti,FX45,Asia,All,"$36,395.00","$33,121.00",4.5,8.0,315.0,15.0,19.0,4309.0,112.0,189.0,
190,Isuzu,Ascender,Asia,All,"$31,849.00","$29,977.00",4.2,6.0,275.0,15.0,20.0,4967.0,129.0,208.0,
191,Isuzu,Rodeo,Asia,Front,"$20,449.00","$19,261.00",3.2,6.0,193.0,17.0,21.0,3836.0,106.0,178.0,
192,Jaguar,X-Type,Europe,All,"$29,995.00","$27,355.00",2.5,6.0,192.0,18.0,26.0,3428.0,107.0,184.0,
193,Jaguar,X-Type,Europe,All,"$33,995.00","$30,995.00",3.0,6.0,227.0,18.0,25.0,3516.0,107.0,184.0,
194,Jaguar,S-Type,Europe,Rear,"$43,895.00","$40,004.00",3.0,6.0,235.0,18.0,26.0,3777.0,115.0,192.0,
195,Jaguar,S-Type,Europe,Rear,"$49,995.00","$45,556.00",4.2,8.0,294.0,18.0,28.0,3874.0,115.0,192.0,
196,Jaguar,S-Type,Europe,Rear,"$63,120.00","$57,499.00",4.2,8.0,390.0,17.0,24.0,4046.0,115.0,192.0,
197,Jaguar,Vanden,Europe,Rear,"$68,995.00","$62,846.00",4.2,8.0,294.0,18.0,28.0,3803.0,119.0,200.0,
198,Jaguar,XJ8,Europe,Rear,"$59,995.00","$54,656.00",4.2,8.0,294.0,18.0,28.0,3803.0,119.0,200.0,
199,Jaguar,XJR,Europe,Rear,"$74,995.00","$68,306.00",4.2,8.0,390.0,17.0,24.0,3948.0,119.0,200.0,
200,Jaguar,XK8,Europe,Rear,"$69,995.00","$63,756.00",4.2,8.0,294.0,18.0,26.0,3779.0,102.0,187.0,
201,Jaguar,XK8,Europe,Rear,"$74,995.00","$68,306.00",4.2,8.0,294.0,18.0,26.0,3980.0,102.0,187.0,
202,Jaguar,XKR,Europe,Rear,"$81,995.00","$74,676.00",4.2,8.0,390.0,16.0,23.0,3865.0,102.0,187.0,
203,Jaguar,XKR,Europe,Rear,"$86,995.00","$79,226.00",4.2,8.0,390.0,16.0,23.0,4042.0,102.0,187.0,
204,Jeep,Grand,USA,Front,"$27,905.00","$25,686.00",4.0,6.0,195.0,16.0,21.0,3790.0,106.0,181.0,254445.0
205,Jeep,Grand,USA,Front,"$27,905.00","$25,686.00",4.0,6.0,195.0,16.0,21.0,3790.0,106.0,181.0,2676.0
206,Jeep,Liberty,USA,All,"$20,130.00","$18,973.00",2.4,4.0,150.0,20.0,24.0,3826.0,104.0,174.0,
207,Jeep,Wrangler,USA,All,"$25,520.00","$23,275.00",4.0,6.0,190.0,16.0,19.0,3575.0,93.0,150.0,204610.0
208,Kia,Sorento,Asia,Front,"$19,635.00","$18,630.00",3.5,6.0,192.0,16.0,19.0,4112.0,107.0,180.0,81785.0
209,Kia,Optima,Asia,Front,"$16,040.00","$14,910.00",2.4,4.0,138.0,23.0,30.0,3281.0,106.0,186.0,16.0
210,Kia,Optima,Asia,Front,"$18,435.00","$16,850.00",2.7,6.0,170.0,20.0,27.0,3279.0,106.0,186.0,16.0
211,Kia,Rio,Asia,Front,"$10,280.00","$9,875.00",1.6,4.0,104.0,26.0,33.0,2403.0,95.0,167.0,31362.0
212,Kia,Rio,Asia,Front,"$11,155.00","$10,705.00",1.6,4.0,104.0,25.0,32.0,2458.0,95.0,167.0,31362.0
213,Kia,Rio,Asia,Front,"$11,905.00","$11,410.00",1.6,4.0,104.0,26.0,33.0,2447.0,95.0,167.0,31362.0
214,Kia,Spectra,Asia,Front,"$12,360.00","$11,630.00",1.8,4.0,124.0,24.0,32.0,2661.0,101.0,178.0,
215,Kia,Spectra,Asia,Front,"$13,580.00","$12,830.00",1.8,4.0,124.0,24.0,32.0,2686.0,101.0,178.0,
216,Kia,Spectra,Asia,Front,"$14,630.00","$13,790.00",1.8,4.0,124.0,24.0,32.0,2697.0,101.0,178.0,
217,Kia,Amanti,Asia,Front,"$26,000.00","$23,764.00",3.5,6.0,195.0,17.0,25.0,4021.0,110.0,196.0,
218,Kia,Sedona,Asia,Front,"$20,615.00","$19,400.00",3.5,6.0,195.0,16.0,22.0,4802.0,115.0,194.0,14625.0
219,Land Rover,Range,Europe,All,"$72,250.00","$65,807.00",4.4,8.0,282.0,12.0,16.0,5379.0,113.0,195.0,
220,Land Rover,Discovery,Europe,All,"$39,250.00","$35,777.00",4.6,8.0,217.0,12.0,16.0,4576.0,100.0,185.0,
221,Land Rover,Freelander,Europe,All,"$25,995.00","$23,969.00",2.5,6.0,174.0,18.0,21.0,3577.0,101.0,175.0,
222,Lexus,GX,Asia,All,"$45,700.00","$39,838.00",4.7,8.0,235.0,15.0,19.0,4740.0,110.0,188.0,32509.0
223,Lexus,LX,Asia,All,"$64,800.00","$56,455.00",4.7,8.0,235.0,13.0,17.0,5590.0,112.0,193.0,26016.0
224,Lexus,RX,Asia,All,"$39,195.00","$34,576.00",3.3,6.0,230.0,18.0,24.0,4065.0,107.0,186.0,115320.0
225,Lexus,ES,Asia,Front,"$32,350.00","$28,755.00",3.3,6.0,225.0,20.0,29.0,3460.0,107.0,191.0,45406.0
226,Lexus,IS,Asia,Rear,"$31,045.00","$27,404.00",3.0,6.0,215.0,18.0,25.0,3255.0,105.0,177.0,21998.0
227,Lexus,IS,Asia,Rear,"$32,415.00","$28,611.00",3.0,6.0,215.0,18.0,24.0,3285.0,105.0,177.0,21998.0
228,Lexus,IS,Asia,Rear,"$32,455.00","$28,647.00",3.0,6.0,215.0,18.0,24.0,3410.0,105.0,177.0,21998.0
229,Lexus,GS,Asia,Rear,"$41,010.00","$36,196.00",3.0,6.0,220.0,18.0,25.0,3649.0,110.0,189.0,76.0
230,Lexus,GS,Asia,Rear,"$48,450.00","$42,232.00",4.3,8.0,300.0,18.0,23.0,3715.0,110.0,189.0,76.0
231,Lexus,LS,Asia,Rear,"$55,750.00","$48,583.00",4.3,8.0,290.0,18.0,25.0,3990.0,115.0,197.0,3739.0
232,Lexus,SC,Asia,Rear,"$63,200.00","$55,063.00",4.3,8.0,300.0,18.0,23.0,3840.0,103.0,178.0,
233,Lincoln,Navigator,USA,All,"$52,775.00","$46,360.00",5.4,8.0,300.0,13.0,18.0,5969.0,119.0,206.0,15631.0
234,Lincoln,Aviator,USA,Front,"$42,915.00","$39,443.00",4.6,8.0,302.0,13.0,18.0,4834.0,114.0,193.0,20924.0
235,Lincoln,LS,USA,Rear,"$32,495.00","$29,969.00",3.0,6.0,232.0,20.0,26.0,3681.0,115.0,194.0,
236,Lincoln,LS,USA,Rear,"$36,895.00","$33,929.00",3.0,6.0,232.0,20.0,26.0,3681.0,115.0,194.0,
237,Lincoln,LS,USA,Rear,"$40,095.00","$36,809.00",3.9,8.0,280.0,17.0,24.0,3768.0,115.0,194.0,
238,Lincoln,LS,USA,Rear,"$43,495.00","$39,869.00",3.9,8.0,280.0,17.0,24.0,3768.0,115.0,194.0,
239,Lincoln,Town,USA,Rear,"$41,815.00","$38,418.00",4.6,8.0,239.0,17.0,25.0,4369.0,118.0,215.0,
240,Lincoln,Town,USA,Rear,"$44,925.00","$41,217.00",4.6,8.0,239.0,17.0,25.0,4369.0,118.0,215.0,
241,Lincoln,Town,USA,Rear,"$50,470.00","$46,208.00",4.6,8.0,239.0,17.0,25.0,4474.0,124.0,221.0,
242,MINI,Cooper,Europe,Front,"$16,999.00","$15,437.00",1.6,4.0,115.0,28.0,37.0,2524.0,97.0,143.0,
243,MINI,Cooper,Europe,Front,"$19,999.00","$18,137.00",1.6,4.0,163.0,25.0,34.0,2678.0,97.0,144.0,
244,Mazda,Tribute,Asia,All,"$21,087.00","$19,742.00",2.0,4.0,130.0,22.0,25.0,3091.0,103.0,173.0,
245,Mazda,Mazda3,Asia,Front,"$15,500.00","$14,525.00",2.0,4.0,148.0,26.0,34.0,2696.0,104.0,178.0,
246,Mazda,Mazda3,Asia,Front,"$17,200.00","$15,922.00",2.3,4.0,160.0,25.0,31.0,2762.0,104.0,179.0,
247,Mazda,Mazda6,Asia,Front,"$19,270.00","$17,817.00",2.3,4.0,160.0,24.0,32.0,3042.0,105.0,187.0,
248,Mazda,MPV,Asia,Front,"$28,750.00","$26,600.00",3.0,6.0,200.0,18.0,25.0,3812.0,112.0,188.0,
249,Mazda,MX-5,Asia,Rear,"$22,388.00","$20,701.00",1.8,4.0,142.0,23.0,28.0,2387.0,89.0,156.0,10470.0
250,Mazda,MX-5,Asia,Rear,"$25,193.00","$23,285.00",1.8,4.0,142.0,23.0,28.0,2387.0,89.0,156.0,10470.0
251,Mazda,RX-8,Asia,Rear,"$25,700.00","$23,794.00",1.3,,197.0,18.0,25.0,3053.0,106.0,174.0,
252,Mazda,RX-8,Asia,Rear,"$27,200.00","$25,179.00",1.3,,238.0,18.0,24.0,3029.0,106.0,174.0,
253,Mazda,B2300,Asia,Rear,"$14,840.00","$14,070.00",2.3,4.0,143.0,24.0,29.0,2960.0,112.0,188.0,
254,Mazda,B4000,Asia,All,"$22,350.00","$20,482.00",4.0,6.0,207.0,15.0,19.0,3571.0,126.0,203.0,
255,Mercedes-Benz,G500,Europe,All,"$76,870.00","$71,540.00",5.0,8.0,292.0,13.0,14.0,5423.0,112.0,186.0,
256,Mercedes-Benz,ML500,Europe,All,"$46,470.00","$43,268.00",5.0,8.0,288.0,14.0,17.0,4874.0,111.0,183.0,
257,Mercedes-Benz,C230,Europe,Rear,"$26,060.00","$24,249.00",1.8,4.0,189.0,22.0,30.0,3250.0,107.0,178.0,
258,Mercedes-Benz,C320,Europe,Rear,"$28,370.00","$26,435.00",3.2,6.0,215.0,19.0,26.0,3430.0,107.0,178.0,
259,Mercedes-Benz,C320,Europe,Rear,"$35,920.00","$33,456.00",3.2,6.0,215.0,19.0,26.0,3430.0,107.0,178.0,
260,Mercedes-Benz,C320,Europe,Rear,"$37,630.00","$35,046.00",3.2,6.0,215.0,20.0,26.0,3450.0,107.0,178.0,
261,Mercedes-Benz,C320,Europe,All,"$38,830.00","$36,162.00",3.2,6.0,215.0,19.0,27.0,3450.0,107.0,178.0,
262,Mercedes-Benz,C240,Europe,Rear,"$32,280.00","$30,071.00",2.6,6.0,168.0,20.0,25.0,3360.0,107.0,178.0,
263,Mercedes-Benz,C240,Europe,All,"$33,480.00","$31,187.00",2.6,6.0,168.0,19.0,25.0,3360.0,107.0,178.0,
264,Mercedes-Benz,C240,Europe,Rear,"$33,780.00","$31,466.00",2.6,6.0,168.0,19.0,25.0,3470.0,107.0,179.0,
265,Mercedes-Benz,C32,Europe,Rear,"$52,120.00","$48,522.00",3.2,6.0,349.0,16.0,21.0,3540.0,107.0,178.0,
266,Mercedes-Benz,CL500,Europe,Rear,"$94,820.00","$88,324.00",5.0,8.0,302.0,16.0,24.0,4085.0,114.0,196.0,
267,Mercedes-Benz,CL600,Europe,Rear,"$128,420.00","$119,600.00",5.5,12.0,493.0,13.0,19.0,4473.0,114.0,196.0,
268,Mercedes-Benz,CLK320,Europe,Rear,"$45,707.00","$41,966.00",3.2,6.0,215.0,20.0,26.0,3770.0,107.0,183.0,
269,Mercedes-Benz,CLK500,Europe,Rear,"$52,800.00","$49,104.00",5.0,8.0,302.0,17.0,22.0,3585.0,107.0,183.0,
270,Mercedes-Benz,E320,Europe,Rear,"$48,170.00","$44,849.00",3.2,6.0,221.0,19.0,27.0,3635.0,112.0,190.0,
271,Mercedes-Benz,E320,Europe,Rear,"$50,670.00","$47,174.00",3.2,6.0,221.0,19.0,27.0,3966.0,112.0,190.0,
272,Mercedes-Benz,E500,Europe,Rear,"$57,270.00","$53,382.00",5.0,8.0,302.0,16.0,20.0,3815.0,112.0,190.0,
273,Mercedes-Benz,E500,Europe,All,"$60,670.00","$56,474.00",5.0,8.0,302.0,16.0,24.0,4230.0,112.0,190.0,
274,Mercedes-Benz,S430,Europe,Rear,"$74,320.00","$69,168.00",4.3,8.0,275.0,18.0,26.0,4160.0,122.0,203.0,
275,Mercedes-Benz,S500,Europe,All,"$86,970.00","$80,939.00",5.0,8.0,302.0,16.0,24.0,4390.0,122.0,203.0,
276,Mercedes-Benz,SL500,Europe,Rear,"$90,520.00","$84,325.00",5.0,8.0,302.0,16.0,23.0,4065.0,101.0,179.0,
277,Mercedes-Benz,SL55,Europe,Rear,"$121,770.00","$113,388.00",5.5,8.0,493.0,14.0,21.0,4235.0,101.0,179.0,
278,Mercedes-Benz,SL600,Europe,Rear,"$126,670.00","$117,854.00",5.5,12.0,493.0,13.0,19.0,4429.0,101.0,179.0,
279,Mercedes-Benz,SLK230,Europe,Rear,"$40,320.00","$37,548.00",2.3,4.0,192.0,21.0,29.0,3055.0,95.0,158.0,
280,Mercedes-Benz,SLK32,Europe,Rear,"$56,170.00","$52,289.00",3.2,6.0,349.0,17.0,22.0,3220.0,95.0,158.0,
281,Mercury,Mountaineer,USA,Front,"$29,995.00","$27,317.00",4.0,6.0,210.0,16.0,21.0,4374.0,114.0,190.0,
282,Mercury,Sable,USA,Front,"$21,595.00","$19,848.00",3.0,6.0,155.0,20.0,27.0,3308.0,109.0,200.0,
283,Mercury,Sable,USA,Front,"$23,895.00","$21,918.00",3.0,6.0,201.0,19.0,26.0,3315.0,109.0,200.0,
284,Mercury,Sable,USA,Front,"$22,595.00","$20,748.00",3.0,6.0,155.0,19.0,26.0,3488.0,109.0,198.0,
285,Mercury,Grand,USA,Rear,"$24,695.00","$23,217.00",4.6,8.0,224.0,17.0,25.0,4052.0,115.0,212.0,
286,Mercury,Grand,USA,Rear,"$29,595.00","$27,148.00",4.6,8.0,224.0,17.0,25.0,4052.0,115.0,212.0,
287,Mercury,Grand,USA,Rear,"$30,895.00","$28,318.00",4.6,8.0,224.0,17.0,25.0,4052.0,115.0,212.0,
288,Mercury,Marauder,USA,Rear,"$34,495.00","$31,558.00",4.6,8.0,302.0,17.0,23.0,4195.0,115.0,212.0,
289,Mercury,Monterey,USA,Front,"$33,995.00","$30,846.00",4.2,6.0,201.0,16.0,23.0,4340.0,121.0,202.0,
290,Mitsubishi,Endeavor,Asia,All,"$30,492.00","$28,330.00",3.8,6.0,215.0,17.0,21.0,4134.0,109.0,190.0,
291,Mitsubishi,Montero,Asia,All,"$33,112.00","$30,763.00",3.8,6.0,215.0,15.0,19.0,4718.0,110.0,190.0,
292,Mitsubishi,Outlander,Asia,Front,"$18,892.00","$17,569.00",2.4,4.0,160.0,21.0,27.0,3240.0,103.0,179.0,33883.0
293,Mitsubishi,Outlander,Asia,Front,"$18,892.00","$17,569.00",2.4,4.0,160.0,21.0,27.0,3240.0,103.0,179.0,2249.0
294,Mitsubishi,Outlander,Asia,Front,"$18,892.00","$17,569.00",2.4,4.0,160.0,21.0,27.0,3240.0,103.0,179.0,34214.0
295,Mitsubishi,Lancer,Asia,Front,"$14,622.00","$13,751.00",2.0,4.0,120.0,25.0,31.0,2656.0,102.0,181.0,
296,Mitsubishi,Lancer,Asia,Front,"$16,722.00","$15,718.00",2.0,4.0,120.0,25.0,31.0,2795.0,102.0,181.0,
297,Mitsubishi,Lancer,Asia,Front,"$17,232.00","$16,196.00",2.0,4.0,120.0,25.0,31.0,2744.0,102.0,181.0,
298,Mitsubishi,Lancer,Asia,Front,"$29,562.00","$27,466.00",2.0,4.0,271.0,18.0,26.0,3263.0,103.0,179.0,
299,Mitsubishi,Lancer,Asia,Front,"$17,495.00","$16,295.00",2.4,4.0,160.0,25.0,31.0,3020.0,102.0,181.0,
300,Mitsubishi,Galant,Asia,Front,"$19,312.00","$17,957.00",2.4,4.0,160.0,23.0,30.0,3351.0,108.0,191.0,
301,Mitsubishi,Galant,Asia,Front,"$25,700.00","$23,883.00",3.8,6.0,230.0,18.0,26.0,3649.0,108.0,191.0,
302,Mitsubishi,Diamante,Asia,Front,"$29,282.00","$27,250.00",3.5,6.0,205.0,18.0,25.0,3549.0,107.0,194.0,
303,Mitsubishi,Eclipse,Asia,Front,"$25,092.00","$23,456.00",3.0,6.0,210.0,21.0,28.0,3241.0,101.0,177.0,8946.0
304,Mitsubishi,Eclipse,Asia,Front,"$26,992.00","$25,218.00",3.0,6.0,210.0,21.0,28.0,3296.0,101.0,177.0,8946.0
305,Nissan,Pathfinder,Asia,Front,"$33,840.00","$30,815.00",5.6,8.0,305.0,13.0,19.0,5013.0,123.0,207.0,41324.0
306,Nissan,Pathfinder,Asia,Front,"$27,339.00","$25,972.00",3.5,6.0,240.0,16.0,21.0,3871.0,106.0,183.0,41324.0
307,Nissan,Xterra,Asia,Front,"$20,939.00","$19,512.00",3.3,6.0,180.0,17.0,20.0,3760.0,104.0,178.0,
308,Nissan,Sentra,Asia,Front,"$12,740.00","$12,205.00",1.8,4.0,126.0,28.0,35.0,2513.0,100.0,178.0,127862.0
309,Nissan,Sentra,Asia,Front,"$14,740.00","$13,747.00",1.8,4.0,126.0,28.0,35.0,2581.0,100.0,178.0,127862.0
310,Nissan,Sentra,Asia,Front,"$17,640.00","$16,444.00",2.5,4.0,165.0,23.0,28.0,2761.0,100.0,178.0,127862.0
311,Nissan,Altima,Asia,Front,"$19,240.00","$18,030.00",2.5,4.0,175.0,21.0,26.0,3039.0,110.0,192.0,103776.0
312,Nissan,Altima,Asia,Front,"$23,290.00","$21,580.00",3.5,6.0,245.0,21.0,26.0,3197.0,110.0,192.0,103776.0
313,Nissan,Maxima,Asia,Front,"$27,490.00","$25,182.00",3.5,6.0,265.0,20.0,28.0,3473.0,111.0,194.0,16386.0
314,Nissan,Maxima,Asia,Front,"$29,440.00","$26,966.00",3.5,6.0,265.0,20.0,28.0,3476.0,111.0,194.0,16386.0
315,Nissan,Quest,Asia,Front,"$24,780.00","$22,958.00",3.5,6.0,240.0,19.0,26.0,4012.0,124.0,204.0,
316,Nissan,Quest,Asia,Front,"$32,780.00","$30,019.00",3.5,6.0,240.0,18.0,25.0,4175.0,124.0,204.0,
317,Nissan,350Z,Asia,Rear,"$26,910.00","$25,203.00",3.5,6.0,287.0,20.0,26.0,3188.0,104.0,169.0,
318,Nissan,350Z,Asia,Rear,"$34,390.00","$31,845.00",3.5,6.0,287.0,20.0,26.0,3428.0,104.0,169.0,
319,Nissan,Frontier,Asia,All,"$19,479.00","$18,253.00",3.3,6.0,180.0,17.0,20.0,3932.0,116.0,191.0,60697.0
320,Nissan,Titan,Asia,All,"$26,650.00","$24,926.00",5.6,8.0,305.0,14.0,18.0,5287.0,140.0,224.0,27406.0
321,Nissan,Murano,Asia,Rear,"$28,739.00","$27,300.00",3.5,6.0,245.0,20.0,25.0,3801.0,111.0,188.0,46115.0
322,Oldsmobile,Alero,USA,Front,"$18,825.00","$17,642.00",2.2,4.0,140.0,24.0,32.0,2946.0,107.0,187.0,
323,Oldsmobile,Alero,USA,Front,"$23,675.00","$21,485.00",3.4,6.0,170.0,20.0,29.0,3085.0,107.0,187.0,
324,Oldsmobile,Silhouette,USA,Front,"$28,790.00","$26,120.00",3.4,6.0,185.0,19.0,26.0,3948.0,120.0,201.0,
325,Pontiac,Aztekt,USA,Front,"$21,595.00","$19,810.00",3.4,6.0,185.0,19.0,26.0,3779.0,108.0,182.0,
326,Pontiac,Sunfire,USA,Front,"$15,495.00","$14,375.00",2.2,4.0,140.0,24.0,33.0,2771.0,104.0,182.0,
327,Pontiac,Sunfire,USA,Front,"$17,735.00","$16,369.00",2.2,4.0,140.0,24.0,33.0,2771.0,104.0,182.0,
328,Pontiac,Grand,USA,Front,"$22,450.00","$20,595.00",3.4,6.0,175.0,20.0,29.0,3118.0,107.0,186.0,
329,Pontiac,Grand,USA,Front,"$22,395.00","$20,545.00",3.8,6.0,200.0,20.0,30.0,3477.0,111.0,198.0,
330,Pontiac,Grand,USA,Front,"$24,295.00","$22,284.00",3.8,6.0,200.0,20.0,30.0,3484.0,111.0,198.0,
331,Pontiac,Bonneville,USA,Front,"$35,995.00","$32,997.00",4.6,8.0,275.0,17.0,20.0,3790.0,112.0,203.0,
332,Pontiac,Montana,USA,Front,"$23,845.00","$21,644.00",3.4,6.0,185.0,19.0,26.0,3803.0,112.0,187.0,
333,Pontiac,Montana,USA,All,"$31,370.00","$28,454.00",3.4,6.0,185.0,18.0,24.0,4431.0,121.0,201.0,
334,Pontiac,GTO,USA,Rear,"$33,500.00","$30,710.00",5.7,8.0,340.0,16.0,20.0,3725.0,110.0,190.0,
335,Pontiac,Vibe,USA,Rear,"$17,045.00","$15,973.00",1.8,4.0,130.0,29.0,36.0,2701.0,102.0,172.0,
336,Porsche,Cayenne,Europe,All,"$56,665.00","$49,865.00",4.5,8.0,340.0,14.0,18.0,4950.0,112.0,188.0,21048.0
337,Porsche,911,Europe,Rear,"$79,165.00","$69,229.00",3.6,6.0,315.0,18.0,26.0,3135.0,93.0,175.0,9167.0
338,Porsche,911,Europe,All,"$84,165.00","$72,206.00",3.6,6.0,315.0,17.0,24.0,3240.0,93.0,175.0,9167.0
339,Porsche,911,Europe,Rear,"$76,765.00","$67,128.00",3.6,6.0,315.0,18.0,26.0,3119.0,93.0,175.0,9167.0
340,Porsche,911,Europe,Rear,"$192,465.00","$173,560.00",3.6,6.0,477.0,17.0,24.0,3131.0,93.0,175.0,9167.0
341,Porsche,Boxster,Europe,Rear,"$43,365.00","$37,886.00",2.7,6.0,228.0,20.0,29.0,2811.0,95.0,170.0,
342,Porsche,Boxster,Europe,Rear,"$52,365.00","$45,766.00",3.2,6.0,258.0,18.0,26.0,2911.0,95.0,170.0,
343,Saab,03-Sep,Europe,Front,"$30,860.00","$29,269.00",2.0,4.0,210.0,20.0,28.0,3175.0,105.0,183.0,
344,Saab,03-Sep,Europe,Front,"$33,360.00","$31,562.00",2.0,4.0,210.0,20.0,28.0,3175.0,105.0,183.0,
345,Saab,03-Sep,Europe,Front,"$40,670.00","$38,520.00",2.0,4.0,210.0,21.0,29.0,3480.0,105.0,182.0,
346,Saab,03-Sep,Europe,Front,"$43,175.00","$40,883.00",2.0,4.0,210.0,21.0,30.0,3700.0,105.0,182.0,
347,Saab,05-Sep,Europe,Front,"$35,105.00","$33,011.00",2.3,4.0,220.0,21.0,29.0,3470.0,106.0,190.0,
348,Saab,05-Sep,Europe,Front,"$39,465.00","$37,721.00",2.3,4.0,250.0,21.0,29.0,3470.0,106.0,190.0,
349,Saab,05-Sep,Europe,Front,"$40,845.00","$38,376.00",2.3,4.0,250.0,19.0,29.0,3620.0,106.0,190.0,
350,Saturn,VUE,USA,All,"$20,585.00","$19,238.00",2.2,4.0,143.0,21.0,26.0,3381.0,107.0,181.0,
351,Saturn,Ion1,USA,Front,"$10,995.00","$10,319.00",2.2,4.0,140.0,26.0,35.0,2692.0,103.0,185.0,
352,Saturn,lon2,USA,Front,"$14,300.00","$13,393.00",2.2,4.0,140.0,26.0,35.0,2692.0,103.0,185.0,
353,Saturn,lon2,USA,Front,"$14,850.00","$13,904.00",2.2,4.0,140.0,26.0,35.0,2751.0,103.0,185.0,
354,Saturn,lon3,USA,Front,"$15,825.00","$14,811.00",2.2,4.0,140.0,26.0,35.0,2692.0,103.0,185.0,
355,Saturn,lon3,USA,Front,"$16,350.00","$15,299.00",2.2,4.0,140.0,26.0,35.0,2751.0,103.0,185.0,
356,Saturn,L300-2,USA,Front,"$21,410.00","$19,801.00",3.0,6.0,182.0,20.0,28.0,3197.0,107.0,190.0,
357,Saturn,L300,USA,Front,"$23,560.00","$21,779.00",2.2,4.0,140.0,24.0,34.0,3109.0,107.0,190.0,
358,Scion,xA,Asia,Front,"$12,965.00","$12,340.00",1.5,4.0,108.0,32.0,38.0,2340.0,93.0,154.0,
359,Scion,xB,Asia,Front,"$14,165.00","$13,480.00",1.5,4.0,108.0,31.0,35.0,2425.0,98.0,155.0,
360,Subaru,Impreza,Asia,All,"$19,945.00","$18,399.00",2.5,4.0,165.0,22.0,28.0,2965.0,99.0,174.0,34791.0
361,Subaru,Impreza,Asia,All,"$19,945.00","$18,399.00",2.5,4.0,165.0,22.0,28.0,2965.0,99.0,174.0,27141.0
362,Subaru,Impreza,Asia,All,"$25,045.00","$23,022.00",2.0,4.0,227.0,20.0,27.0,3085.0,99.0,174.0,34791.0
363,Subaru,Impreza,Asia,All,"$25,045.00","$23,022.00",2.0,4.0,227.0,20.0,27.0,3085.0,99.0,174.0,27141.0
364,Subaru,Impreza,Asia,All,"$31,545.00","$29,130.00",2.5,4.0,300.0,18.0,24.0,3263.0,100.0,174.0,34791.0
365,Subaru,Impreza,Asia,All,"$31,545.00","$29,130.00",2.5,4.0,300.0,18.0,24.0,3263.0,100.0,174.0,27141.0
366,Subaru,Legacy,Asia,All,"$20,445.00","$18,713.00",2.5,4.0,165.0,21.0,28.0,3285.0,104.0,184.0,22766.0
367,Subaru,Legacy,Asia,All,"$25,645.00","$23,336.00",2.5,4.0,165.0,21.0,28.0,3395.0,104.0,184.0,22766.0
368,Subaru,Outback,Asia,All,"$27,145.00","$24,687.00",2.5,4.0,165.0,20.0,27.0,3495.0,104.0,184.0,154623.0
369,Subaru,Outback,Asia,All,"$29,345.00","$26,660.00",3.0,6.0,212.0,19.0,26.0,3610.0,104.0,184.0,154623.0
370,Subaru,Outback,Asia,All,"$31,545.00","$28,603.00",3.0,6.0,212.0,19.0,26.0,3630.0,104.0,184.0,154623.0
371,Subaru,Outback,Asia,All,"$23,895.00","$21,773.00",2.5,4.0,165.0,21.0,28.0,3430.0,104.0,187.0,154623.0
372,Subaru,Baja,Asia,All,"$24,520.00","$22,304.00",2.5,4.0,165.0,21.0,28.0,3485.0,104.0,193.0,
373,Subaru,Forester,Asia,All,"$21,445.00","$19,646.00",2.5,4.0,165.0,21.0,28.0,3090.0,99.0,175.0,154723.0
374,Suzuki,XL-7,Asia,Front,"$23,699.00","$22,307.00",2.7,6.0,185.0,18.0,22.0,3682.0,110.0,187.0,
375,Suzuki,Vitara,Asia,All,"$17,163.00","$16,949.00",2.5,6.0,165.0,19.0,22.0,3020.0,98.0,163.0,
376,Suzuki,Aeno,Asia,Front,"$12,884.00","$12,719.00",2.3,4.0,155.0,25.0,31.0,2676.0,98.0,171.0,
377,Suzuki,Aerio,Asia,Front,"$14,500.00","$14,317.00",2.3,4.0,155.0,25.0,31.0,2676.0,98.0,171.0,
378,Suzuki,Aerio,Asia,All,"$16,497.00","$16,291.00",2.3,4.0,155.0,24.0,29.0,2932.0,98.0,167.0,
379,Suzuki,Forenza,Asia,Front,"$12,269.00","$12,116.00",2.0,4.0,119.0,24.0,31.0,2701.0,102.0,177.0,
380,Suzuki,Forenza,Asia,Front,"$15,568.00","$15,378.00",2.0,4.0,119.0,22.0,30.0,2756.0,102.0,177.0,
381,Suzuki,Verona,Asia,Front,"$17,262.00","$17,053.00",2.5,6.0,155.0,20.0,27.0,3380.0,106.0,188.0,
382,Toyota,Prius,Asia,Front,"$20,510.00","$18,926.00",1.5,4.0,110.0,59.0,51.0,2890.0,106.0,175.0,59010.0
383,Toyota,Sequoia,Asia,All,"$35,695.00","$31,827.00",4.7,8.0,240.0,14.0,17.0,5270.0,118.0,204.0,8070.0
384,Toyota,4Runner,Asia,Front,"$27,710.00","$24,801.00",4.0,6.0,245.0,18.0,21.0,4035.0,110.0,189.0,144696.0
385,Toyota,Highlander,Asia,All,"$27,930.00","$24,915.00",3.3,6.0,230.0,18.0,24.0,3935.0,107.0,185.0,264128.0
386,Toyota,Land,Asia,All,"$54,765.00","$47,986.00",4.7,8.0,325.0,13.0,17.0,5390.0,112.0,193.0,3711.0
387,Toyota,RAV4,Asia,All,"$20,290.00","$18,553.00",2.4,4.0,161.0,22.0,27.0,3119.0,98.0,167.0,407739.0
388,Toyota,Corolla,Asia,Front,"$14,085.00","$13,065.00",1.8,4.0,130.0,32.0,40.0,2502.0,102.0,178.0,223215.0
389,Toyota,Corolla,Asia,Front,"$14,085.00","$13,065.00",1.8,4.0,130.0,32.0,40.0,2502.0,102.0,178.0,7203.0
390,Toyota,Corolla,Asia,Front,"$15,030.00","$13,650.00",1.8,4.0,130.0,32.0,40.0,2524.0,102.0,178.0,223215.0
391,Toyota,Corolla,Asia,Front,"$15,030.00","$13,650.00",1.8,4.0,130.0,32.0,40.0,2524.0,102.0,178.0,7203.0
392,Toyota,Corolla,Asia,Front,"$15,295.00","$13,889.00",1.8,4.0,130.0,32.0,40.0,2524.0,102.0,178.0,223215.0
393,Toyota,Corolla,Asia,Front,"$15,295.00","$13,889.00",1.8,4.0,130.0,32.0,40.0,2524.0,102.0,178.0,7203.0
394,Toyota,Echo,Asia,Front,"$10,760.00","$10,144.00",1.5,4.0,108.0,35.0,43.0,2035.0,93.0,163.0,
395,Toyota,Echo,Asia,Front,"$11,560.00","$10,896.00",1.5,4.0,108.0,33.0,39.0,2085.0,93.0,163.0,
396,Toyota,Echo,Asia,Front,"$11,290.00","$10,642.00",1.5,4.0,108.0,35.0,43.0,2055.0,93.0,163.0,
397,Toyota,Camry,Asia,Front,"$19,560.00","$17,558.00",2.4,4.0,157.0,24.0,33.0,3086.0,107.0,189.0,313795.0
398,Toyota,Camry,Asia,Front,"$22,775.00","$20,325.00",3.0,6.0,210.0,21.0,29.0,3296.0,107.0,189.0,313795.0
399,Toyota,Camry,Asia,Front,"$19,635.00","$17,722.00",2.4,4.0,157.0,24.0,33.0,3175.0,107.0,193.0,313795.0
400,Toyota,Camry,Asia,Front,"$21,965.00","$19,819.00",3.3,6.0,225.0,20.0,29.0,3417.0,107.0,193.0,313795.0
401,Toyota,Camry,Asia,Front,"$25,920.00","$23,125.00",3.0,6.0,210.0,21.0,29.0,3362.0,107.0,189.0,313795.0
402,Toyota,Camry,Asia,Front,"$26,510.00","$23,908.00",3.3,6.0,225.0,20.0,29.0,3439.0,107.0,193.0,313795.0
403,Toyota,Avalon,Asia,Front,"$26,560.00","$23,693.00",3.0,6.0,210.0,21.0,29.0,3417.0,107.0,192.0,18280.0
404,Toyota,Avalon,Asia,Front,"$30,920.00","$27,271.00",3.0,6.0,210.0,21.0,29.0,3439.0,107.0,192.0,18280.0
405,Toyota,Sienna,Asia,Front,"$23,495.00","$21,198.00",3.3,6.0,230.0,19.0,27.0,4120.0,119.0,200.0,14782.0
406,Toyota,Sienna,Asia,Front,"$28,800.00","$25,690.00",3.3,6.0,230.0,19.0,27.0,4165.0,119.0,200.0,14782.0
407,Toyota,Celica,Asia,Front,"$22,570.00","$20,363.00",1.8,4.0,180.0,24.0,33.0,2500.0,102.0,171.0,
408,Toyota,MR2,Asia,Rear,"$25,130.00","$22,787.00",1.8,4.0,138.0,26.0,32.0,2195.0,97.0,153.0,
409,Toyota,Tacoma,Asia,Rear,"$12,800.00","$11,879.00",2.4,4.0,142.0,22.0,27.0,2750.0,103.0,191.0,252490.0
410,Toyota,Tundra,Asia,Rear,"$16,495.00","$14,978.00",3.4,6.0,190.0,16.0,18.0,3925.0,128.0,218.0,81959.0
411,Toyota,Tundra,Asia,All,"$25,935.00","$23,520.00",3.4,6.0,190.0,14.0,17.0,4435.0,128.0,218.0,81959.0
412,Toyota,Matrix,Asia,Front,"$16,695.00","$15,156.00",1.8,4.0,130.0,29.0,36.0,2679.0,102.0,171.0,
413,Volkswagen,Touareg,Europe,All,"$35,515.00","$32,243.00",3.2,6.0,220.0,15.0,20.0,5086.0,112.0,187.0,
414,Volkswagen,Golf,Europe,Front,"$18,715.00","$17,478.00",2.0,4.0,115.0,24.0,31.0,2897.0,99.0,165.0,6537.0
415,Volkswagen,GTI,Europe,Front,"$19,825.00","$18,109.00",1.8,4.0,180.0,24.0,31.0,2934.0,99.0,168.0,
416,Volkswagen,Jetta,Europe,Front,"$21,055.00","$19,638.00",1.9,4.0,100.0,38.0,46.0,3003.0,99.0,172.0,55113.0
417,Volkswagen,Jetta,Europe,Front,"$23,785.00","$21,686.00",2.8,6.0,200.0,21.0,30.0,3179.0,99.0,172.0,55113.0
418,Volkswagen,Jetta,Europe,Front,"$19,005.00","$17,427.00",2.0,4.0,115.0,24.0,30.0,3034.0,99.0,174.0,55113.0
419,Volkswagen,New,Europe,Front,"$21,055.00","$19,638.00",1.8,4.0,150.0,24.0,31.0,2820.0,99.0,161.0,
420,Volkswagen,New,Europe,Front,"$23,215.00","$21,689.00",2.0,4.0,115.0,24.0,30.0,3082.0,99.0,161.0,
421,Volkswagen,Passat,Europe,Front,"$23,955.00","$21,898.00",1.8,4.0,170.0,22.0,31.0,3241.0,106.0,185.0,24398.0
422,Volkswagen,Passat,Europe,Front,"$33,180.00","$30,583.00",2.8,6.0,190.0,19.0,26.0,3721.0,106.0,185.0,24398.0
423,Volkswagen,Passat,Europe,Front,"$39,235.00","$36,052.00",4.0,8.0,270.0,18.0,25.0,3953.0,106.0,185.0,24398.0
424,Volkswagen,Passat,Europe,Front,"$24,955.00","$22,801.00",1.8,4.0,170.0,22.0,31.0,3338.0,106.0,184.0,24398.0
425,Volkswagen,Passat,Europe,Front,"$40,235.00","$36,956.00",4.0,8.0,270.0,18.0,25.0,4067.0,106.0,184.0,24398.0
426,Volkswagen,Phaeton,Europe,Front,"$65,000.00","$59,912.00",4.2,8.0,335.0,16.0,22.0,5194.0,118.0,204.0,
427,Volkswagen,Phaeton,Europe,Front,"$75,000.00","$69,130.00",6.0,12.0,420.0,12.0,19.0,5399.0,118.0,204.0,
428,Volvo,XC90,Europe,All,"$41,250.00","$38,851.00",2.9,6.0,268.0,15.0,20.0,4638.0,113.0,189.0,38657.0
429,Volvo,S40,Europe,Front,"$25,135.00","$23,701.00",1.9,4.0,170.0,22.0,29.0,2767.0,101.0,178.0,
430,Volvo,S60,Europe,All,"$31,745.00","$29,916.00",2.5,5.0,208.0,20.0,27.0,3903.0,107.0,180.0,
431,Volvo,S60,Europe,Front,"$34,845.00","$32,902.00",2.3,5.0,247.0,20.0,28.0,3766.0,107.0,180.0,
432,Volvo,S60,Europe,All,"$37,560.00","$35,382.00",2.5,5.0,300.0,18.0,25.0,3571.0,107.0,181.0,
433,Volvo,S80,Europe,Front,"$37,730.00","$35,542.00",2.9,6.0,208.0,20.0,28.0,3576.0,110.0,190.0,
434,Volvo,S80,Europe,All,"$37,885.00","$35,688.00",2.5,5.0,194.0,20.0,27.0,3691.0,110.0,190.0,
435,Volvo,S80,Europe,Front,"$45,210.00","$42,573.00",2.9,6.0,268.0,19.0,26.0,3653.0,110.0,190.0,
436,Volvo,C70,Europe,Front,"$40,565.00","$38,203.00",2.4,5.0,197.0,21.0,28.0,3450.0,105.0,186.0,
437,Volvo,C70,Europe,Front,"$42,565.00","$40,083.00",2.3,5.0,242.0,20.0,26.0,3450.0,105.0,186.0,
438,Volvo,V40,Europe,Front,"$26,135.00","$24,641.00",1.9,4.0,170.0,22.0,29.0,2822.0,101.0,180.0,
439,Volvo,XC70,Europe,All,"$35,145.00","$33,112.00",2.5,5.0,208.0,20.0,27.0,3823.0,109.0,186.0,
440,Acura,ILX,,,,,,,,,,,,,13900.0
441,Acura,RDX,,,,,,,,,,,,,57013.0
442,Acura,RLX,,,,,,,,,,,,,214.0
443,Acura,TLX,,,,,,,,,,,,,26100.0
444,Alfa,Romeo,,,,,,,,,,,,,78.0
445,Alfa,Romeo,,,,,,,,,,,,,7635.0
446,Alfa,Romeo,,,,,,,,,,,,,10539.0
447,Audi,A3,,,,,,,,,,,,,2387.0
448,Audi,A5,,,,,,,,,,,,,17128.0
449,Audi,A7,,,,,,,,,,,,,3080.0
450,Audi,e-Tron,,,,,,,,,,,,,1227.0
451,Audi,e-Tron,,,,,,,,,,,,,505.0
452,Audi,eTron,,,,,,,,,,,,,8278.0
453,Audi,Q3,,,,,,,,,,,,,34464.0
454,Audi,Q4,,,,,,,,,,,,,45.0
455,Audi,Q4,,,,,,,,,,,,,18.0
456,Audi,Q5,,,,,,,,,,,,,60299.0
457,Audi,Q7,,,,,,,,,,,,,25363.0
458,Audi,Q8,,,,,,,,,,,,,12539.0
459,Audi,R8,,,,,,,,,,,,,648.0
460,BMW,2-Series,,,,,,,,,,,,,15684.0
461,BMW,3-Series,,,,,,,,,,,,,49458.0
462,BMW,4-Series,,,,,,,,,,,,,22938.0
463,BMW,5-Series,,,,,,,,,,,,,24523.0
464,BMW,6-Series,,,,,,,,,,,,,56.0
465,BMW,7-Series,,,,,,,,,,,,,7705.0
466,BMW,8-Series,,,,,,,,,,,,,7763.0
467,BMW,i3,,,,,,,,,,,,,1476.0
468,BMW,i8,,,,,,,,,,,,,21.0
469,BMW,X1,,,,,,,,,,,,,18255.0
470,BMW,X2,,,,,,,,,,,,,6563.0
471,BMW,X4,,,,,,,,,,,,,10622.0
472,BMW,X6,,,,,,,,,,,,,9590.0
473,BMW,X7,,,,,,,,,,,,,23046.0
474,Buick,Enclave,,,,,,,,,,,,,42340.0
475,Buick,Encore,,,,,,,,,,,,,20438.0
476,Buick,Encore,,,,,,,,,,,,,72401.0
477,Buick,Envision,,,,,,,,,,,,,47173.0
478,Buick,LaCrosse,,,,,,,,,,,,,9.0
479,Cadillac,CT4,,,,,,,,,,,,,7254.0
480,Cadillac,CT5,,,,,,,,,,,,,9448.0
481,Cadillac,CT6,,,,,,,,,,,,,103.0
482,Cadillac,XT4,,,,,,,,,,,,,11576.0
483,Cadillac,XT5,,,,,,,,,,,,,28378.0
484,Cadillac,XT6,,,,,,,,,,,,,20663.0
485,Chevrolet,Blazer,,,,,,,,,,,,,70323.0
486,Chevrolet,Bolt,,,,,,,,,,,,,24827.0
487,Chevrolet,Camaro,,,,,,,,,,,,,21893.0
488,Chevrolet,Equinox,,,,,,,,,,,,,165325.0
489,Chevrolet,Express,,,,,,,,,,,,,44357.0
490,Chevrolet,Sonic,,,,,,,,,,,,,1581.0
491,Chevrolet,Spark,,,,,,,,,,,,,24460.0
492,Chevrolet,Traverse,,,,,,,,,,,,,116251.0
493,Chevrolet,Trax,,,,,,,,,,,,,42590.0
494,Chrysler,200,,,,,,,,,,,,,15.0
495,Chrysler,300,,,,,,,,,,,,,16662.0
496,Dodge,Challenger,,,,,,,,,,,,,54315.0
497,Dodge,Charger,,,,,,,,,,,,,78388.0
498,Dodge,Dart,,,,,,,,,,,,,10.0
499,Dodge,Journey,,,,,,,,,,,,,14034.0
500,Fiat,124,,,,,,,,,,,,,955.0
501,Fiat,500,,,,,,,,,,,,,51.0
502,Fiat,500L,,,,,,,,,,,,,188.0
503,Fiat,500X,,,,,,,,,,,,,1180.0
504,Ford,Bronco,,,,,,,,,,,,,35023.0
505,Ford,Bronco,,,,,,,,,,,,,108169.0
506,Ford,E-Series,,,,,,,,,,,,,37122.0
507,Ford,EcoSport,,,,,,,,,,,,,40659.0
508,Ford,Edge,,,,,,,,,,,,,85225.0
509,Ford,F-Series,,,,,,,,,,,,,726003.0
510,Ford,Fusion,,,,,,,,,,,,,11781.0
511,Ford,GT,,,,,,,,,,,,,143.0
512,Ford,Maverick,,,,,,,,,,,,,13258.0
513,Ford,Transit,,,,,,,,,,,,,99745.0
514,Ford,Transit,,,,,,,,,,,,,26112.0
515,Genesis,G70,,,,,,,,,,,,,10718.0
516,Genesis,G80,,,,,,,,,,,,,6031.0
517,Genesis,G90,,,,,,,,,,,,,1821.0
518,Genesis,GV70,,,,,,,,,,,,,10735.0
519,Genesis,GV80,,,,,,,,,,,,,20325.0
520,GMC,Acadia,,,,,,,,,,,,,59913.0
521,GMC,Savana,,,,,,,,,,,,,36008.0
522,GMC,Terrain,,,,,,,,,,,,,47488.0
523,Honda,Clarity,,,,,,,,,,,,,2597.0
524,Honda,Fit,,,,,,,,,,,,,8695.0
525,Honda,HR-V,,,,,,,,,,,,,137090.0
526,Honda,Passport,,,,,,,,,,,,,53133.0
527,Honda,Ridgeline,,,,,,,,,,,,,41355.0
528,Hyundai,Ioniq,,,,,,,,,,,,,19175.0
529,Hyundai,Ioniq,,,,,,,,,,,,,153.0
530,Hyundai,Kona,,,,,,,,,,,,,89607.0
531,Hyundai,Nexo,,,,,,,,,,,,,421.0
532,Hyundai,Palisade,,,,,,,,,,,,,86282.0
533,Hyundai,Tuscon,,,,,,,,,,,,,140721.0
534,Hyundai,Veloster,,,,,,,,,,,,,1942.0
535,Hyundai,Venue,,,,,,,,,,,,,20669.0
536,Infiniti,Q50,,,,,,,,,,,,,13894.0
537,Infiniti,Q60,,,,,,,,,,,,,2729.0
538,Infiniti,QX50,,,,,,,,,,,,,19196.0
539,Infiniti,QX55,,,,,,,,,,,,,4333.0
540,Infiniti,QX60,,,,,,,,,,,,,5830.0
541,Infiniti,QX80,,,,,,,,,,,,,12573.0
542,Jaguar,E-Pace,,,,,,,,,,,,,2904.0
543,Jaguar,F-Pace,,,,,,,,,,,,,9237.0
544,Jaguar,F-Type,,,,,,,,,,,,,2112.0
545,Jaguar,I-Pace,,,,,,,,,,,,,1415.0
546,Jaguar,XE,,,,,,,,,,,,,270.0
547,Jaguar,XF,,,,,,,,,,,,,1183.0
548,Jaguar,XJ,,,,,,,,,,,,,28.0
549,Jeep,Cherokee,,,,,,,,,,,,,89126.0
550,Jeep,Compass,,,,,,,,,,,,,75642.0
551,Jeep,Gladiator,,,,,,,,,,,,,89712.0
552,Jeep,Patriot,,,,,,,,,,,,,15.0
553,Jeep,Renegade,,,,,,,,,,,,,47138.0
554,Jeep,Wagoneer,,,,,,,,,,,,,5349.0
555,Kia,Cadenza,,,,,,,,,,,,,249.0
556,Kia,Carnival,,,,,,,,,,,,,10530.0
557,Kia,Forte,,,,,,,,,,,,,113051.0
558,Kia,K5,,,,,,,,,,,,,77195.0
559,Kia,K900,,,,,,,,,,,,,85.0
560,Kia,Niro,,,,,,,,,,,,,26192.0
561,Kia,Seltos,,,,,,,,,,,,,51368.0
562,Kia,Soul,,,,,,,,,,,,,75126.0
563,Kia,Sportage,,,,,,,,,,,,,88688.0
564,Kia,Stinger,,,,,,,,,,,,,13517.0
565,Kia,Telluride,,,,,,,,,,,,,93705.0
566,Land,Rover,,,,,,,,,,,,,19080.0
567,Land,Rover,,,,,,,,,,,,,4398.0
568,Land,Rover,,,,,,,,,,,,,7222.0
569,Land,Rover,,,,,,,,,,,,,17285.0
570,Land,Rover,,,,,,,,,,,,,7181.0
571,Land,Rover,,,,,,,,,,,,,21341.0
572,Land,Rover,,,,,,,,,,,,,13271.0
573,Lexus,LC,,,,,,,,,,,,,2782.0
574,Lexus,NX,,,,,,,,,,,,,58514.0
575,Lexus,RC,,,,,,,,,,,,,2987.0
576,Lexus,UX,,,,,,,,,,,,,17581.0
577,Lincoln,Continental,,,,,,,,,,,,,1460.0
578,Lincoln,Corsair,,,,,,,,,,,,,22790.0
579,Lincoln,MKX/Nautilus,,,,,,,,,,,,,25443.0
580,Lincoln,MKZ,,,,,,,,,,,,,1681.0
581,Mazda,3,,,,,,,,,,,,,41845.0
582,Mazda,5,,,,,,,,,,,,,60.0
583,Mazda,6,,,,,,,,,,,,,18504.0
584,Mazda,CX-3,,,,,,,,,,,,,6374.0
585,Mazda,CX-30,,,,,,,,,,,,,55180.0
586,Mazda,CX-5,,,,,,,,,,,,,163940.0
587,Mazda,CX-9,,,,,,,,,,,,,31803.0
588,Mazda,MX-30,,,,,,,,,,,,,61.0
589,Mercedes-Benz,A-Class,,,,,,,,,,,,,8108.0
590,Mercedes-Benz,AMG,,,,,,,,,,,,,3109.0
591,Mercedes-Benz,C-Class,,,,,,,,,,,,,30816.0
592,Mercedes-Benz,CLA-Class,,,,,,,,,,,,,6823.0
593,Mercedes-Benz,E,,,,,,,,,,,,,20946.0
594,Mercedes-Benz,EQS-Sedan,,,,,,,,,,,,,443.0
595,Mercedes-Benz,G-Class,,,,,,,,,,,,,8521.0
596,Mercedes-Benz,GL/GLS-Class,,,,,,,,,,,,,24465.0
597,Mercedes-Benz,GLA-Class,,,,,,,,,,,,,14323.0
598,Mercedes-Benz,GLB,,,,,,,,,,,,,26676.0
599,Mercedes-Benz,GLC/GLK-Class,,,,,,,,,,,,,51805.0
600,Mercedes-Benz,GLE-Class,,,,,,,,,,,,,65073.0
601,Mercedes-Benz,Metris,,,,,,,,,,,,,13054.0
602,Mercedes-Benz,S-Class,,,,,,,,,,,,,14284.0
603,Mercedes-Benz,SL-Class,,,,,,,,,,,,,460.0
604,Mercedes-Benz,SLC-Class,,,,,,,,,,,,,225.0
605,Mercedes-Benz,Sprinter,,,,,,,,,,,,,40534.0
606,Mini,Cooper,,,,,,,,,,,,,22970.0
607,Mini,Countryman,,,,,,,,,,,,,12198.0
608,Mitsubishi,Mirage,,,,,,,,,,,,,22743.0
609,Nissan,370Z,,,,,,,,,,,,,37.0
610,Nissan,Armada,,,,,,,,,,,,,22815.0
611,Nissan,GT-R,,,,,,,,,,,,,228.0
612,Nissan,Kicks,,,,,,,,,,,,,82960.0
613,Nissan,Leaf,,,,,,,,,,,,,14237.0
614,Nissan,NV,,,,,,,,,,,,,11374.0
615,Nissan,NV200,,,,,,,,,,,,,17359.0
616,Nissan,Rogue,,,,,,,,,,,,,285601.0
617,Nissan,Versa,,,,,,,,,,,,,60913.0
618,Porsche,718,,,,,,,,,,,,,4656.0
619,Porsche,Macan,,,,,,,,,,,,,22002.0
620,Porsche,Panamera,,,,,,,,,,,,,3555.0
621,Porsche,Taycan,,,,,,,,,,,,,8747.0
622,Ram,Pickup,,,,,,,,,,,,,569389.0
623,Ram,ProMaster,,,,,,,,,,,,,63362.0
624,Ram,ProMaster,,,,,,,,,,,,,14578.0
625,Subaru,Ascent,,,,,,,,,,,,,74650.0
626,Subaru,BRZ,,,,,,,,,,,,,2320.0
627,Subaru,CrossTrek,,,,,,,,,,,,,127466.0
628,Tesla,Model,,,,,,,,,,,,,121610.0
629,Tesla,Model,,,,,,,,,,,,,11556.0
630,Tesla,Model,,,,,,,,,,,,,7305.0
631,Tesla,Model,,,,,,,,,,,,,161527.0
632,Toyota,86,,,,,,,,,,,,,1044.0
633,Toyota,C-HR,,,,,,,,,,,,,35707.0
634,Toyota,FJ,,,,,,,,,,,,,1.0
635,Toyota,GR86,,,,,,,,,,,,,109.0
636,Toyota,Mirai,,,,,,,,,,,,,2629.0
637,Toyota,Supra,,,,,,,,,,,,,6830.0
638,Toyota,Venza,,,,,,,,,,,,,61718.0
639,Toyota,Yaris,,,,,,,,,,,,,205.0
640,Volkswagen,Arteon,,,,,,,,,,,,,5537.0
641,Volkswagen,Atlas,,,,,,,,,,,,,72383.0
642,Volkswagen,Atlas,,,,,,,,,,,,,44304.0
643,Volkswagen,ID.4,,,,,,,,,,,,,16745.0
644,Volkswagen,Taos,,,,,,,,,,,,,31703.0
645,Volkswagen,Tiguan,,,,,,,,,,,,,109742.0
646,Volvo,60-Series,,,,,,,,,,,,,14846.0
647,Volvo,90-Series,,,,,,,,,,,,,1495.0
648,Volvo,C40,,,,,,,,,,,,,42.0
649,Volvo,XC40,,,,,,,,,,,,,26802.0
650,Volvo,XC60,,,,,,,,,,,,,41582.0
