,Unnamed: 0,Make,Model,Origin,DriveTrain,MSRP,Invoice,EngineSize,Cylinders,Horsepower,MPG_City,MPG_Highway,Weight,Wheelbase,Length,Sum
0,0,Acura,MDX,Asia,All,36945.0,33337.0,3.5,6.0,265.0,17.0,23.0,4451.0,106.0,189.0,60057.0
1,1,Acura,RSX,Asia,Front,23820.0,21761.0,2.0,4.0,200.0,24.0,31.0,2778.0,101.0,172.0,55609.27386934673
2,2,Acura,TSX,Asia,Front,26990.0,24647.0,2.4,4.0,200.0,22.0,29.0,3230.0,105.0,183.0,55609.27386934673
3,3,Acura,TL,Asia,Front,33195.0,30299.0,3.2,6.0,270.0,20.0,28.0,3575.0,108.0,186.0,26100.0
4,4,Acura,RLX,Asia,Front,43755.0,39014.0,3.5,6.0,225.0,18.0,24.0,3880.0,115.0,197.0,214.0
5,5,Acura,RDX,Asia,Front,46100.0,41100.0,3.5,6.0,225.0,18.0,24.0,3893.0,115.0,197.0,57013.0
6,6,Acura,NSX,Asia,Rear,89765.0,79978.0,3.2,6.0,290.0,17.0,24.0,3153.0,100.0,174.0,124.0
7,440,Acura,ILX,,,32462.695454545454,29732.477272727272,,,,,,,,,13900.0
8,7,Audi,A4,Europe,Front,25940.0,23508.0,1.8,4.0,170.0,22.0,31.0,3252.0,104.0,179.0,16263.0
9,8,Audi,A4,Europe,Front,31840.0,28846.0,3.0,6.0,220.0,20.0,28.0,3462.0,104.0,179.0,16263.0
10,9,Audi,A4,Europe,All,33430.0,30366.0,3.0,6.0,220.0,17.0,26.0,3583.0,104.0,179.0,16263.0
11,10,Audi,A4,Europe,All,34480.0,31388.0,3.0,6.0,220.0,18.0,25.0,3627.0,104.0,179.0,16263.0
12,11,Audi,A4,Europe,Front,42490.0,38325.0,3.0,6.0,220.0,20.0,27.0,3814.0,105.0,180.0,16263.0
13,12,Audi,A4,Europe,All,44240.0,40075.0,3.0,6.0,220.0,18.0,25.0,4013.0,105.0,180.0,16263.0
14,13,Audi,A41.8T,Europe,Front,35940.0,32506.0,1.8,4.0,170.0,23.0,30.0,3638.0,105.0,180.0,55609.27386934673
15,14,Audi,A6,Europe,Front,36640.0,33129.0,3.0,6.0,220.0,20.0,27.0,3561.0,109.0,192.0,9543.0
16,15,Audi,A6,Europe,All,39640.0,35992.0,3.0,6.0,220.0,18.0,25.0,3880.0,109.0,192.0,9543.0
17,16,Audi,A6,Europe,All,42840.0,38840.0,2.7,6.0,250.0,18.0,25.0,3836.0,109.0,192.0,9543.0
18,17,Audi,A6,Europe,All,49690.0,44936.0,4.2,8.0,300.0,17.0,24.0,4024.0,109.0,193.0,9543.0
19,18,Audi,A6,Europe,All,40840.0,37060.0,3.0,6.0,220.0,18.0,25.0,4035.0,109.0,192.0,9543.0
20,19,Audi,A8,Europe,All,69190.0,64740.0,4.2,8.0,330.0,17.0,24.0,4399.0,121.0,204.0,2068.0
21,20,Audi,S4,Europe,All,48040.0,43556.0,4.2,8.0,340.0,14.0,20.0,3825.0,104.0,179.0,55609.27386934673
22,21,Audi,S4,Europe,All,49090.0,44446.0,4.2,8.0,340.0,15.0,21.0,3936.0,104.0,179.0,55609.27386934673
23,22,Audi,RS,Europe,Front,84600.0,76417.0,4.2,8.0,450.0,15.0,22.0,4024.0,109.0,191.0,55609.27386934673
24,23,Audi,TT,Europe,Front,35940.0,32512.0,1.8,4.0,180.0,20.0,28.0,3131.0,95.0,159.0,987.0
25,24,Audi,TT,Europe,All,37390.0,33891.0,1.8,4.0,225.0,20.0,28.0,2921.0,96.0,159.0,987.0
26,25,Audi,TT,Europe,All,40590.0,36739.0,3.2,6.0,250.0,21.0,29.0,3351.0,96.0,159.0,987.0
27,447,Audi,A3,,,32462.695454545454,29732.477272727272,,,,,,,,,2387.0
28,448,Audi,A5,,,32462.695454545454,29732.477272727272,,,,,,,,,17128.0
29,449,Audi,A7,,,32462.695454545454,29732.477272727272,,,,,,,,,3080.0
30,450,Audi,e-Tron,,,32462.695454545454,29732.477272727272,,,,,,,,,1227.0
31,451,Audi,e-Tron,,,32462.695454545454,29732.477272727272,,,,,,,,,505.0
32,452,Audi,eTron,,,32462.695454545454,29732.477272727272,,,,,,,,,8278.0
33,453,Audi,Q3,,,32462.695454545454,29732.477272727272,,,,,,,,,34464.0
34,454,Audi,Q4,,,32462.695454545454,29732.477272727272,,,,,,,,,45.0
35,455,Audi,Q4,,,32462.695454545454,29732.477272727272,,,,,,,,,18.0
36,456,Audi,Q5,,,32462.695454545454,29732.477272727272,,,,,,,,,60299.0
37,457,Audi,Q7,,,32462.695454545454,29732.477272727272,,,,,,,,,25363.0
38,458,Audi,Q8,,,32462.695454545454,29732.477272727272,,,,,,,,,12539.0
39,459,Audi,R8,,,32462.695454545454,29732.477272727272,,,,,,,,,648.0
40,26,BMW,X3,Europe,All,37000.0,33873.0,3.0,6.0,225.0,16.0,23.0,4023.0,110.0,180.0,75858.0
41,27,BMW,X5,Europe,All,52195.0,47720.0,4.4,8.0,325.0,16.0,22.0,4824.0,111.0,184.0,60724.0
42,28,BMW,325i,Europe,Rear,28495.0,26155.0,2.5,6.0,184.0,20.0,29.0,3219.0,107.0,176.0,5495.0
43,29,BMW,325Ci,Europe,Rear,30795.0,28245.0,2.5,6.0,184.0,20.0,29.0,3197.0,107.0,177.0,5495.0
44,30,BMW,325Ci,Europe,Rear,37995.0,34800.0,2.5,6.0,184.0,19.0,27.0,3560.0,107.0,177.0,5495.0
45,31,BMW,325xi,Europe,All,30245.0,27745.0,2.5,6.0,184.0,19.0,27.0,3461.0,107.0,176.0,5495.0
46,32,BMW,325xi,Europe,All,32845.0,30110.0,2.5,6.0,184.0,19.0,26.0,3594.0,107.0,176.0,5495.0
47,33,BMW,330i,Europe,Rear,35495.0,32525.0,3.0,6.0,225.0,20.0,30.0,3285.0,107.0,176.0,5495.0
48,34,BMW,330Ci,Europe,Rear,36995.0,33890.0,3.0,6.0,225.0,20.0,30.0,3285.0,107.0,176.0,5495.0
49,35,BMW,330Ci,Europe,Rear,44295.0,40530.0,3.0,6.0,225.0,19.0,28.0,3616.0,107.0,177.0,5495.0
50,36,BMW,330xi,Europe,All,37245.0,34115.0,3.0,6.0,225.0,20.0,29.0,3483.0,107.0,176.0,5495.0
51,37,BMW,525i,Europe,Rear,39995.0,36620.0,2.5,6.0,184.0,19.0,28.0,3428.0,114.0,191.0,8174.0
52,38,BMW,530i,Europe,Rear,44995.0,41170.0,3.0,6.0,225.0,20.0,30.0,3472.0,114.0,191.0,8174.0
53,39,BMW,545iA,Europe,Rear,54995.0,50270.0,4.4,8.0,325.0,18.0,26.0,3814.0,114.0,191.0,8174.0
54,40,BMW,745i,Europe,Rear,69195.0,63190.0,4.4,8.0,325.0,18.0,26.0,4376.0,118.0,198.0,55609.27386934673
55,41,BMW,745Li,Europe,Rear,73195.0,66830.0,4.4,8.0,325.0,18.0,26.0,4464.0,123.0,204.0,55609.27386934673
56,42,BMW,M3,Europe,Rear,48195.0,44170.0,3.2,6.0,333.0,16.0,24.0,3415.0,108.0,177.0,55609.27386934673
57,43,BMW,M3,Europe,Rear,56595.0,51815.0,3.2,6.0,333.0,16.0,23.0,3781.0,108.0,177.0,55609.27386934673
58,44,BMW,Z4,Europe,Rear,33895.0,31065.0,2.5,6.0,184.0,20.0,28.0,2932.0,98.0,161.0,2412.0
59,45,BMW,Z4,Europe,Rear,41045.0,37575.0,3.0,6.0,225.0,21.0,29.0,2998.0,98.0,161.0,2412.0
60,460,BMW,2-Series,,,32462.695454545454,29732.477272727272,,,,,,,,,15684.0
61,462,BMW,4-Series,,,32462.695454545454,29732.477272727272,,,,,,,,,22938.0
62,464,BMW,6-Series,,,32462.695454545454,29732.477272727272,,,,,,,,,56.0
63,465,BMW,7-Series,,,32462.695454545454,29732.477272727272,,,,,,,,,7705.0
64,466,BMW,8-Series,,,32462.695454545454,29732.477272727272,,,,,,,,,7763.0
65,467,BMW,i3,,,32462.695454545454,29732.477272727272,,,,,,,,,1476.0
66,468,BMW,i8,,,32462.695454545454,29732.477272727272,,,,,,,,,21.0
67,469,BMW,X1,,,32462.695454545454,29732.477272727272,,,,,,,,,18255.0
68,470,BMW,X2,,,32462.695454545454,29732.477272727272,,,,,,,,,6563.0
69,471,BMW,X4,,,32462.695454545454,29732.477272727272,,,,,,,,,10622.0
70,472,BMW,X6,,,32462.695454545454,29732.477272727272,,,,,,,,,9590.0
71,473,BMW,X7,,,32462.695454545454,29732.477272727272,,,,,,,,,23046.0
72,46,Buick,Rainier,USA,All,37895.0,34357.0,4.2,6.0,275.0,15.0,21.0,4600.0,113.0,193.0,55609.27386934673
73,47,Buick,Rendezvous,USA,Front,26545.0,24085.0,3.4,6.0,185.0,19.0,26.0,4024.0,112.0,187.0,55609.27386934673
74,48,Buick,Century,USA,Front,22180.0,20351.0,3.1,6.0,175.0,20.0,30.0,3353.0,109.0,195.0,55609.27386934673
75,49,Buick,LeSabre,USA,Front,26470.0,24282.0,3.8,6.0,205.0,20.0,29.0,3567.0,112.0,200.0,55609.27386934673
76,50,Buick,LeSabre,USA,Front,32245.0,29566.0,3.8,6.0,205.0,20.0,29.0,3591.0,112.0,200.0,55609.27386934673
77,51,Buick,Regal,USA,Front,24895.0,22835.0,3.8,6.0,200.0,20.0,30.0,3461.0,109.0,196.0,19.0
78,52,Buick,Regal,USA,Front,28345.0,26047.0,3.8,6.0,240.0,18.0,28.0,3536.0,109.0,196.0,19.0
79,53,Buick,Park,USA,Front,35545.0,32244.0,3.8,6.0,205.0,20.0,29.0,3778.0,114.0,207.0,55609.27386934673
80,54,Buick,Park,USA,Front,40720.0,36927.0,3.8,6.0,240.0,18.0,28.0,3909.0,114.0,207.0,55609.27386934673
81,474,Buick,Enclave,,,32462.695454545454,29732.477272727272,,,,,,,,,42340.0
82,475,Buick,Encore,,,32462.695454545454,29732.477272727272,,,,,,,,,20438.0
83,476,Buick,Encore,,,32462.695454545454,29732.477272727272,,,,,,,,,72401.0
84,477,Buick,Envision,,,32462.695454545454,29732.477272727272,,,,,,,,,47173.0
85,478,Buick,LaCrosse,,,32462.695454545454,29732.477272727272,,,,,,,,,9.0
86,55,Cadillac,Escalade,USA,Front,52795.0,48377.0,5.3,8.0,295.0,14.0,18.0,5367.0,116.0,199.0,40504.0
87,56,Cadillac,Escalade,USA,All,52975.0,48541.0,6.0,8.0,345.0,13.0,17.0,5879.0,130.0,221.0,40504.0
88,57,Cadillac,SRX,USA,Front,46995.0,43523.0,4.6,8.0,320.0,16.0,21.0,4302.0,116.0,195.0,55609.27386934673
89,58,Cadillac,CTS,USA,Rear,30835.0,28575.0,3.6,6.0,255.0,18.0,25.0,3694.0,113.0,190.0,68.0
90,59,Cadillac,Deville,USA,Front,45445.0,41650.0,4.6,8.0,275.0,18.0,26.0,3984.0,115.0,207.0,55609.27386934673
91,60,Cadillac,Deville,USA,Front,50595.0,46362.0,4.6,8.0,300.0,18.0,26.0,4044.0,115.0,207.0,55609.27386934673
92,61,Cadillac,Seville,USA,Front,47955.0,43841.0,4.6,8.0,275.0,18.0,26.0,3992.0,112.0,201.0,55609.27386934673
93,62,Cadillac,XLR,USA,Rear,76200.0,70546.0,4.6,8.0,320.0,17.0,25.0,3647.0,106.0,178.0,55609.27386934673
94,479,Cadillac,CT4,,,32462.695454545454,29732.477272727272,,,,,,,,,7254.0
95,480,Cadillac,CT5,,,32462.695454545454,29732.477272727272,,,,,,,,,9448.0
96,481,Cadillac,CT6,,,32462.695454545454,29732.477272727272,,,,,,,,,103.0
97,482,Cadillac,XT4,,,32462.695454545454,29732.477272727272,,,,,,,,,11576.0
98,483,Cadillac,XT5,,,32462.695454545454,29732.477272727272,,,,,,,,,28378.0
99,484,Cadillac,XT6,,,32462.695454545454,29732.477272727272,,,,,,,,,20663.0
100,63,Chevrolet,Suburban,USA,Front,42735.0,37422.0,5.3,8.0,295.0,14.0,18.0,4947.0,130.0,219.0,85159.0
101,64,Chevrolet,Tahoe,USA,All,41465.0,36287.0,5.3,8.0,295.0,14.0,18.0,5050.0,116.0,197.0,106019.0
102,65,Chevrolet,TrailBlazer,USA,Front,30295.0,27479.0,4.2,6.0,275.0,16.0,21.0,4425.0,113.0,192.0,90163.0
103,66,Chevrolet,Tracker,USA,Front,20255.0,19108.0,2.5,6.0,165.0,19.0,22.0,2866.0,98.0,163.0,55609.27386934673
104,67,Chevrolet,Aveo,USA,Front,11690.0,10965.0,1.6,4.0,103.0,28.0,34.0,2370.0,98.0,167.0,55609.27386934673
105,68,Chevrolet,Aveo,USA,Front,12585.0,11802.0,1.6,4.0,103.0,28.0,34.0,2348.0,98.0,153.0,55609.27386934673
106,69,Chevrolet,Cavalier,USA,Front,14610.0,13697.0,2.2,4.0,140.0,26.0,37.0,2617.0,104.0,183.0,55609.27386934673
107,70,Chevrolet,Cavalier,USA,Front,14810.0,13884.0,2.2,4.0,140.0,26.0,37.0,2676.0,104.0,183.0,55609.27386934673
108,71,Chevrolet,Cavalier,USA,Front,16385.0,15357.0,2.2,4.0,140.0,26.0,37.0,2617.0,104.0,183.0,55609.27386934673
109,72,Chevrolet,Impala,USA,Front,21900.0,20095.0,3.4,6.0,180.0,21.0,32.0,3465.0,111.0,200.0,750.0
110,73,Chevrolet,Impala,USA,Front,25000.0,22931.0,3.8,6.0,200.0,20.0,30.0,3476.0,111.0,200.0,750.0
111,74,Chevrolet,Impala,USA,Front,27995.0,25672.0,3.8,6.0,240.0,18.0,28.0,3606.0,111.0,200.0,750.0
112,75,Chevrolet,Malibu,USA,Front,18995.0,17434.0,2.2,4.0,145.0,24.0,34.0,3174.0,106.0,188.0,39376.0
113,76,Chevrolet,Malibu,USA,Front,20370.0,18639.0,3.5,6.0,200.0,22.0,30.0,3297.0,106.0,188.0,39376.0
114,77,Chevrolet,Malibu,USA,Front,23495.0,21551.0,3.5,6.0,200.0,23.0,32.0,3315.0,106.0,188.0,39376.0
115,78,Chevrolet,Malibu,USA,Front,22225.0,20394.0,3.5,6.0,200.0,22.0,30.0,3458.0,112.0,188.0,39376.0
116,79,Chevrolet,Monte,USA,Front,21825.0,20026.0,3.4,6.0,180.0,21.0,32.0,3340.0,111.0,198.0,55609.27386934673
117,80,Chevrolet,Monte,USA,Front,24225.0,22222.0,3.8,6.0,200.0,18.0,28.0,3434.0,111.0,198.0,55609.27386934673
118,81,Chevrolet,Astro,USA,All,26395.0,23954.0,4.3,6.0,190.0,14.0,17.0,4605.0,111.0,190.0,55609.27386934673
119,82,Chevrolet,Venture,USA,Front,27020.0,24518.0,3.4,6.0,185.0,19.0,26.0,3699.0,112.0,187.0,55609.27386934673
120,83,Chevrolet,Corvette,USA,Rear,44535.0,39068.0,5.7,8.0,350.0,18.0,25.0,3246.0,105.0,180.0,33042.0
121,84,Chevrolet,Corvette,USA,Rear,51535.0,45193.0,5.7,8.0,350.0,18.0,25.0,3248.0,105.0,180.0,33042.0
122,85,Chevrolet,Avalanche,USA,All,36100.0,31689.0,5.3,8.0,295.0,14.0,18.0,5678.0,130.0,222.0,55609.27386934673
123,86,Chevrolet,Colorado,USA,All,18760.0,17070.0,2.8,4.0,175.0,18.0,23.0,3623.0,111.0,192.0,73008.0
124,87,Chevrolet,Silverado,USA,Rear,20310.0,18480.0,4.3,6.0,200.0,15.0,21.0,4142.0,119.0,206.0,529765.0
125,88,Chevrolet,Silverado,USA,All,40340.0,35399.0,6.0,8.0,300.0,13.0,17.0,4804.0,144.0,238.0,529765.0
126,89,Chevrolet,SSR,USA,Rear,41995.0,39306.0,5.3,8.0,300.0,16.0,19.0,4760.0,116.0,191.0,55609.27386934673
127,485,Chevrolet,Blazer,,,32462.695454545454,29732.477272727272,,,,,,,,,70323.0
128,486,Chevrolet,Bolt,,,32462.695454545454,29732.477272727272,,,,,,,,,24827.0
129,487,Chevrolet,Camaro,,,32462.695454545454,29732.477272727272,,,,,,,,,21893.0
130,488,Chevrolet,Equinox,,,32462.695454545454,29732.477272727272,,,,,,,,,165325.0
131,489,Chevrolet,Express,,,32462.695454545454,29732.477272727272,,,,,,,,,44357.0
132,490,Chevrolet,Sonic,,,32462.695454545454,29732.477272727272,,,,,,,,,1581.0
133,491,Chevrolet,Spark,,,32462.695454545454,29732.477272727272,,,,,,,,,24460.0
134,492,Chevrolet,Traverse,,,32462.695454545454,29732.477272727272,,,,,,,,,116251.0
135,493,Chevrolet,Trax,,,32462.695454545454,29732.477272727272,,,,,,,,,42590.0
136,90,Chrysler,PT,USA,Front,17985.0,16919.0,2.4,4.0,150.0,22.0,29.0,3101.0,103.0,169.0,55609.27386934673
137,91,Chrysler,PT,USA,Front,22000.0,20573.0,2.4,4.0,150.0,22.0,29.0,3105.0,103.0,169.0,55609.27386934673
138,92,Chrysler,PT,USA,Front,25955.0,24172.0,2.4,4.0,220.0,21.0,27.0,3217.0,103.0,169.0,55609.27386934673
139,93,Chrysler,Sebring,USA,Front,19090.0,17805.0,2.4,4.0,150.0,22.0,30.0,3173.0,108.0,191.0,55609.27386934673
140,94,Chrysler,Sebring,USA,Front,21840.0,20284.0,2.7,6.0,200.0,21.0,28.0,3222.0,108.0,191.0,55609.27386934673
141,95,Chrysler,Sebring,USA,Front,25215.0,23451.0,2.4,4.0,150.0,22.0,30.0,3357.0,106.0,194.0,55609.27386934673
142,96,Chrysler,Sebring,USA,Front,30950.0,28613.0,2.7,6.0,200.0,21.0,28.0,3448.0,106.0,194.0,55609.27386934673
143,97,Chrysler,300M,USA,Front,29865.0,27797.0,3.5,6.0,250.0,18.0,27.0,3581.0,113.0,198.0,55609.27386934673
144,98,Chrysler,300M,USA,Front,33295.0,30884.0,3.5,6.0,255.0,18.0,27.0,3650.0,113.0,198.0,55609.27386934673
145,99,Chrysler,Concorde,USA,Front,24130.0,22452.0,2.7,6.0,200.0,21.0,29.0,3479.0,113.0,208.0,55609.27386934673
146,100,Chrysler,Concorde,USA,Front,26860.0,24909.0,3.5,6.0,232.0,19.0,27.0,3548.0,113.0,208.0,55609.27386934673
147,101,Chrysler,Town,USA,Front,27490.0,25371.0,3.3,6.0,180.0,19.0,26.0,4068.0,119.0,201.0,23355.0
148,102,Chrysler,Town,USA,Front,38380.0,35063.0,3.8,6.0,215.0,18.0,25.0,4331.0,119.0,201.0,23355.0
149,103,Chrysler,Crossfire,USA,Rear,34495.0,32033.0,3.2,6.0,215.0,17.0,25.0,3060.0,95.0,160.0,55609.27386934673
150,104,Chrysler,Pacifica,USA,Rear,31230.0,28725.0,3.5,6.0,250.0,17.0,23.0,4675.0,116.0,199.0,74970.0
151,494,Chrysler,200,,,32462.695454545454,29732.477272727272,,,,,,,,,15.0
152,495,Chrysler,300,,,32462.695454545454,29732.477272727272,,,,,,,,,16662.0
153,105,Dodge,Durango,USA,All,32235.0,29472.0,4.7,8.0,230.0,15.0,21.0,4987.0,119.0,201.0,65936.0
154,106,Dodge,Neon,USA,Front,13670.0,12849.0,2.0,4.0,132.0,29.0,36.0,2581.0,105.0,174.0,55609.27386934673
155,107,Dodge,Neon,USA,Front,15040.0,14086.0,2.0,4.0,132.0,29.0,36.0,2626.0,105.0,174.0,55609.27386934673
156,108,Dodge,Intrepid,USA,Front,22035.0,20502.0,2.7,6.0,200.0,21.0,29.0,3469.0,113.0,204.0,55609.27386934673
157,109,Dodge,Intrepid,USA,Front,24885.0,23058.0,3.5,6.0,232.0,18.0,27.0,3487.0,113.0,204.0,55609.27386934673
158,110,Dodge,Stratus,USA,Front,18820.0,17512.0,2.4,4.0,150.0,21.0,28.0,3182.0,108.0,191.0,55609.27386934673
159,111,Dodge,Stratus,USA,Front,20220.0,18821.0,2.4,4.0,150.0,21.0,28.0,3175.0,108.0,191.0,55609.27386934673
160,112,Dodge,Caravan,USA,Front,21795.0,20508.0,2.4,4.0,150.0,20.0,26.0,3862.0,113.0,189.0,55609.27386934673
161,113,Dodge,Grand,USA,All,32660.0,29812.0,3.8,6.0,215.0,18.0,25.0,4440.0,119.0,201.0,3037.0
162,114,Dodge,Viper,USA,Rear,81795.0,74451.0,8.3,10.0,500.0,12.0,20.0,3410.0,99.0,176.0,6.0
163,115,Dodge,Dakota,USA,Rear,17630.0,16264.0,3.7,6.0,210.0,16.0,22.0,3714.0,112.0,193.0,55609.27386934673
164,116,Dodge,Dakota,USA,Rear,20300.0,18670.0,3.7,6.0,210.0,16.0,22.0,3829.0,131.0,219.0,55609.27386934673
165,117,Dodge,Ram,USA,Rear,20215.0,18076.0,3.7,6.0,215.0,16.0,21.0,4542.0,121.0,208.0,55609.27386934673
166,496,Dodge,Challenger,,,32462.695454545454,29732.477272727272,,,,,,,,,54315.0
167,497,Dodge,Charger,,,32462.695454545454,29732.477272727272,,,,,,,,,78388.0
168,498,Dodge,Dart,,,32462.695454545454,29732.477272727272,,,,,,,,,10.0
169,499,Dodge,Journey,,,32462.695454545454,29732.477272727272,,,,,,,,,14034.0
170,500,Fiat,124,,,32462.695454545454,29732.477272727272,,,,,,,,,955.0
171,501,Fiat,500,,,32462.695454545454,29732.477272727272,,,,,,,,,51.0
172,502,Fiat,500L,,,32462.695454545454,29732.477272727272,,,,,,,,,188.0
173,503,Fiat,500X,,,32462.695454545454,29732.477272727272,,,,,,,,,1180.0
174,118,Ford,Excursion,USA,All,41475.0,36494.0,6.8,10.0,310.0,10.0,13.0,7190.0,137.0,227.0,55609.27386934673
175,119,Ford,Expedition,USA,Front,34560.0,30468.0,4.6,8.0,232.0,15.0,19.0,5000.0,119.0,206.0,81988.0
176,120,Ford,Explorer,USA,All,29670.0,26983.0,4.0,6.0,210.0,15.0,20.0,4463.0,114.0,190.0,219871.0
177,121,Ford,Escape,USA,All,22515.0,20907.0,3.0,6.0,201.0,18.0,23.0,3346.0,103.0,173.0,145415.0
178,122,Ford,Focus,USA,Front,13270.0,12482.0,2.0,4.0,130.0,26.0,33.0,2612.0,103.0,168.0,55609.27386934673
179,123,Ford,Focus,USA,Front,13730.0,12906.0,2.0,4.0,110.0,27.0,36.0,2606.0,103.0,168.0,55609.27386934673
180,124,Ford,Focus,USA,Front,15460.0,14496.0,2.0,4.0,130.0,26.0,33.0,2606.0,103.0,168.0,55609.27386934673
181,125,Ford,Focus,USA,Front,15580.0,14607.0,2.0,4.0,130.0,26.0,33.0,2691.0,103.0,168.0,55609.27386934673
182,126,Ford,Focus,USA,Front,19135.0,17878.0,2.0,4.0,170.0,21.0,28.0,2750.0,103.0,168.0,55609.27386934673
183,127,Ford,Focus,USA,Front,17475.0,16375.0,2.0,4.0,130.0,26.0,33.0,2702.0,103.0,178.0,55609.27386934673
184,128,Ford,Taurus,USA,Front,20320.0,18881.0,3.0,6.0,155.0,20.0,27.0,3306.0,109.0,198.0,55609.27386934673
185,129,Ford,Taurus,USA,Front,22735.0,20857.0,3.0,6.0,201.0,19.0,26.0,3313.0,109.0,198.0,55609.27386934673
186,130,Ford,Taurus,USA,Front,22290.0,20457.0,3.0,6.0,155.0,19.0,26.0,3497.0,109.0,198.0,55609.27386934673
187,131,Ford,Crown,USA,Rear,24345.0,22856.0,4.6,8.0,224.0,17.0,25.0,4057.0,115.0,212.0,55609.27386934673
188,132,Ford,Crown,USA,Rear,27370.0,25105.0,4.6,8.0,224.0,17.0,25.0,4057.0,115.0,212.0,55609.27386934673
189,133,Ford,Crown,USA,Rear,30315.0,27756.0,4.6,8.0,239.0,17.0,25.0,4057.0,115.0,212.0,55609.27386934673
190,134,Ford,Freestar,USA,Front,26930.0,24498.0,3.9,6.0,193.0,17.0,23.0,4275.0,121.0,201.0,55609.27386934673
191,135,Ford,Mustang,USA,Rear,18345.0,16943.0,3.8,6.0,193.0,20.0,29.0,3290.0,101.0,183.0,52384.0
192,136,Ford,Mustang,USA,Rear,18345.0,16943.0,3.8,6.0,193.0,20.0,29.0,3290.0,101.0,183.0,27140.0
193,137,Ford,Mustang,USA,Rear,29380.0,26875.0,4.6,8.0,260.0,17.0,25.0,3347.0,101.0,183.0,52384.0
194,138,Ford,Mustang,USA,Rear,29380.0,26875.0,4.6,8.0,260.0,17.0,25.0,3347.0,101.0,183.0,27140.0
195,139,Ford,Thunderbird,USA,Front,37530.0,34483.0,3.9,8.0,280.0,17.0,24.0,3780.0,107.0,186.0,55609.27386934673
196,140,Ford,F-150,USA,Rear,22010.0,19490.0,4.6,8.0,231.0,15.0,19.0,4788.0,126.0,211.0,55609.27386934673
197,141,Ford,F-150,USA,All,33540.0,29405.0,5.4,8.0,300.0,14.0,18.0,5464.0,133.0,218.0,55609.27386934673
198,142,Ford,Ranger,USA,Rear,14385.0,13717.0,2.3,4.0,143.0,24.0,29.0,3028.0,111.0,188.0,94755.0
199,504,Ford,Bronco,,,32462.695454545454,29732.477272727272,,,,,,,,,35023.0
200,505,Ford,Bronco,,,32462.695454545454,29732.477272727272,,,,,,,,,108169.0
201,506,Ford,E-Series,,,32462.695454545454,29732.477272727272,,,,,,,,,37122.0
202,507,Ford,EcoSport,,,32462.695454545454,29732.477272727272,,,,,,,,,40659.0
203,508,Ford,Edge,,,32462.695454545454,29732.477272727272,,,,,,,,,85225.0
204,509,Ford,F-Series,,,32462.695454545454,29732.477272727272,,,,,,,,,726003.0
205,510,Ford,Fusion,,,32462.695454545454,29732.477272727272,,,,,,,,,11781.0
206,511,Ford,GT,,,32462.695454545454,29732.477272727272,,,,,,,,,143.0
207,512,Ford,Maverick,,,32462.695454545454,29732.477272727272,,,,,,,,,13258.0
208,513,Ford,Transit,,,32462.695454545454,29732.477272727272,,,,,,,,,99745.0
209,514,Ford,Transit,,,32462.695454545454,29732.477272727272,,,,,,,,,26112.0
210,515,Genesis,G70,,,32462.695454545454,29732.477272727272,,,,,,,,,10718.0
211,516,Genesis,G80,,,32462.695454545454,29732.477272727272,,,,,,,,,6031.0
212,517,Genesis,G90,,,32462.695454545454,29732.477272727272,,,,,,,,,1821.0
213,518,Genesis,GV70,,,32462.695454545454,29732.477272727272,,,,,,,,,10735.0
214,519,Genesis,GV80,,,32462.695454545454,29732.477272727272,,,,,,,,,20325.0
215,143,GMC,Envoy,USA,Front,31890.0,28922.0,4.2,6.0,275.0,15.0,19.0,4945.0,129.0,208.0,55609.27386934673
216,144,GMC,Yukon,USA,Front,35725.0,31361.0,4.8,8.0,285.0,16.0,19.0,5042.0,116.0,199.0,84243.0
217,145,GMC,Yukon,USA,All,46265.0,40534.0,6.0,8.0,325.0,13.0,17.0,6133.0,130.0,219.0,84243.0
218,146,GMC,Safari,USA,Rear,25640.0,23215.0,4.3,6.0,190.0,16.0,20.0,4309.0,111.0,190.0,55609.27386934673
219,147,GMC,Canyon,USA,Rear,16530.0,14877.0,2.8,4.0,175.0,18.0,25.0,3351.0,111.0,192.0,24125.0
220,148,GMC,Sierra,USA,Rear,25717.0,22604.0,4.8,8.0,285.0,17.0,20.0,4548.0,144.0,230.0,248923.0
221,149,GMC,Sierra,USA,All,29322.0,25759.0,6.0,8.0,300.0,13.0,18.0,5440.0,133.0,222.0,248923.0
222,150,GMC,Sonoma,USA,All,25395.0,23043.0,4.3,6.0,190.0,15.0,19.0,4083.0,123.0,208.0,55609.27386934673
223,520,GMC,Acadia,,,32462.695454545454,29732.477272727272,,,,,,,,,59913.0
224,521,GMC,Savana,,,32462.695454545454,29732.477272727272,,,,,,,,,36008.0
225,522,GMC,Terrain,,,32462.695454545454,29732.477272727272,,,,,,,,,47488.0
226,151,Honda,Civic,Asia,Front,20140.0,18451.0,1.4,4.0,93.0,46.0,51.0,2732.0,103.0,175.0,263787.0
227,152,Honda,Civic,Asia,Front,13270.0,12175.0,1.7,4.0,115.0,32.0,38.0,2432.0,103.0,175.0,263787.0
228,153,Honda,Civic,Asia,Front,14170.0,12996.0,1.7,4.0,117.0,36.0,44.0,2500.0,103.0,175.0,263787.0
229,154,Honda,Civic,Asia,Front,15850.0,14531.0,1.7,4.0,115.0,32.0,38.0,2513.0,103.0,175.0,263787.0
230,155,Honda,Civic,Asia,Front,17750.0,16265.0,1.7,4.0,127.0,32.0,37.0,2601.0,103.0,175.0,263787.0
231,156,Honda,Civic,Asia,Front,19490.0,17849.0,2.0,4.0,160.0,26.0,30.0,2782.0,101.0,166.0,263787.0
232,157,Honda,Insight,Asia,Front,19110.0,17911.0,2.0,3.0,73.0,60.0,66.0,1850.0,95.0,155.0,18685.0
233,158,Honda,Pilot,Asia,All,27560.0,24843.0,3.5,6.0,240.0,17.0,22.0,4387.0,106.0,188.0,143062.0
234,159,Honda,CR-V,Asia,All,19860.0,18419.0,2.4,4.0,160.0,21.0,25.0,3258.0,103.0,179.0,361271.0
235,160,Honda,Element,Asia,All,18690.0,17334.0,2.4,4.0,160.0,21.0,24.0,3468.0,101.0,167.0,55609.27386934673
236,161,Honda,Accord,Asia,Front,19860.0,17924.0,2.4,4.0,160.0,26.0,34.0,2994.0,105.0,188.0,202676.0
237,162,Honda,Accord,Asia,Front,22260.0,20080.0,2.4,4.0,160.0,26.0,34.0,3047.0,105.0,188.0,202676.0
238,163,Honda,Accord,Asia,Front,23760.0,21428.0,3.0,6.0,240.0,21.0,30.0,3349.0,108.0,190.0,202676.0
239,164,Honda,Accord,Asia,Front,26960.0,24304.0,3.0,6.0,240.0,21.0,30.0,3294.0,105.0,188.0,202676.0
240,165,Honda,Odyssey,Asia,Front,24950.0,22498.0,3.5,6.0,240.0,18.0,25.0,4310.0,118.0,201.0,76125.0
241,166,Honda,Odyssey,Asia,Front,27450.0,24744.0,3.5,6.0,240.0,18.0,25.0,4365.0,118.0,201.0,76125.0
242,167,Honda,S2000,Asia,Rear,33260.0,29965.0,2.2,4.0,240.0,20.0,25.0,2835.0,95.0,162.0,55609.27386934673
243,523,Honda,Clarity,,,32462.695454545454,29732.477272727272,,,,,,,,,2597.0
244,524,Honda,Fit,,,32462.695454545454,29732.477272727272,,,,,,,,,8695.0
245,525,Honda,HR-V,,,32462.695454545454,29732.477272727272,,,,,,,,,137090.0
246,526,Honda,Passport,,,32462.695454545454,29732.477272727272,,,,,,,,,53133.0
247,527,Honda,Ridgeline,,,32462.695454545454,29732.477272727272,,,,,,,,,41355.0
248,168,Hummer,H2,USA,All,49995.0,45815.0,6.0,8.0,316.0,10.0,12.0,6400.0,123.0,190.0,55609.27386934673
249,169,Hyundai,Santa,Asia,Front,21589.0,20201.0,2.7,6.0,173.0,20.0,26.0,3549.0,103.0,177.0,9634.0
250,170,Hyundai,Santa,Asia,Front,21589.0,20201.0,2.7,6.0,173.0,20.0,26.0,3549.0,103.0,177.0,112705.0
251,171,Hyundai,Accent,Asia,Front,10539.0,10107.0,1.6,4.0,103.0,29.0,33.0,2255.0,96.0,167.0,18868.0
252,172,Hyundai,Accent,Asia,Front,11839.0,11116.0,1.6,4.0,103.0,29.0,33.0,2290.0,96.0,167.0,18868.0
253,173,Hyundai,Accent,Asia,Front,11939.0,11209.0,1.6,4.0,103.0,29.0,33.0,2339.0,96.0,167.0,18868.0
254,174,Hyundai,Elantra,Asia,Front,13839.0,12781.0,2.0,4.0,138.0,26.0,34.0,2635.0,103.0,178.0,127360.0
255,175,Hyundai,Elantra,Asia,Front,15389.0,14207.0,2.0,4.0,138.0,26.0,34.0,2635.0,103.0,178.0,127360.0
256,176,Hyundai,Elantra,Asia,Front,15389.0,14207.0,2.0,4.0,138.0,26.0,34.0,2698.0,103.0,178.0,127360.0
257,177,Hyundai,Sonata,Asia,Front,19339.0,17574.0,2.7,6.0,170.0,19.0,27.0,3217.0,106.0,187.0,83434.0
258,178,Hyundai,Sonata,Asia,Front,20339.0,18380.0,2.7,6.0,170.0,19.0,27.0,3217.0,106.0,187.0,83434.0
259,179,Hyundai,XG350,Asia,Front,24589.0,22055.0,3.5,6.0,194.0,17.0,26.0,3651.0,108.0,192.0,55609.27386934673
260,180,Hyundai,XG350,Asia,Front,26189.0,23486.0,3.5,6.0,194.0,17.0,26.0,3651.0,108.0,192.0,55609.27386934673
261,181,Hyundai,Tiburon,Asia,Front,18739.0,17101.0,2.7,6.0,172.0,19.0,26.0,3023.0,100.0,173.0,15744.0
262,528,Hyundai,Ioniq,,,32462.695454545454,29732.477272727272,,,,,,,,,19175.0
263,529,Hyundai,Ioniq,,,32462.695454545454,29732.477272727272,,,,,,,,,153.0
264,530,Hyundai,Kona,,,32462.695454545454,29732.477272727272,,,,,,,,,89607.0
265,531,Hyundai,Nexo,,,32462.695454545454,29732.477272727272,,,,,,,,,421.0
266,532,Hyundai,Palisade,,,32462.695454545454,29732.477272727272,,,,,,,,,86282.0
267,533,Hyundai,Tuscon,,,32462.695454545454,29732.477272727272,,,,,,,,,140721.0
268,534,Hyundai,Veloster,,,32462.695454545454,29732.477272727272,,,,,,,,,1942.0
269,535,Hyundai,Venue,,,32462.695454545454,29732.477272727272,,,,,,,,,20669.0
270,182,Infiniti,G35,Asia,Rear,28495.0,26157.0,3.5,6.0,260.0,18.0,26.0,3336.0,112.0,187.0,55609.27386934673
271,183,Infiniti,G35,Asia,Rear,29795.0,27536.0,3.5,6.0,280.0,18.0,26.0,3416.0,112.0,182.0,55609.27386934673
272,184,Infiniti,G35,Asia,All,32445.0,29783.0,3.5,6.0,260.0,18.0,26.0,3677.0,112.0,187.0,55609.27386934673
273,185,Infiniti,I35,Asia,Front,31145.0,28320.0,3.5,6.0,255.0,19.0,26.0,3306.0,108.0,194.0,55609.27386934673
274,186,Infiniti,M45,Asia,Rear,42845.0,38792.0,4.5,8.0,340.0,17.0,23.0,3851.0,110.0,197.0,55609.27386934673
275,187,Infiniti,Q45,Asia,Rear,52545.0,47575.0,4.5,8.0,340.0,17.0,23.0,3977.0,113.0,200.0,55609.27386934673
276,188,Infiniti,FX35,Asia,Rear,34895.0,31756.0,3.5,6.0,280.0,16.0,22.0,4056.0,112.0,189.0,55609.27386934673
277,189,Infiniti,FX45,Asia,All,36395.0,33121.0,4.5,8.0,315.0,15.0,19.0,4309.0,112.0,189.0,55609.27386934673
278,536,Infiniti,Q50,,,32462.695454545454,29732.477272727272,,,,,,,,,13894.0
279,537,Infiniti,Q60,,,32462.695454545454,29732.477272727272,,,,,,,,,2729.0
280,538,Infiniti,QX50,,,32462.695454545454,29732.477272727272,,,,,,,,,19196.0
281,539,Infiniti,QX55,,,32462.695454545454,29732.477272727272,,,,,,,,,4333.0
282,540,Infiniti,QX60,,,32462.695454545454,29732.477272727272,,,,,,,,,5830.0
283,541,Infiniti,QX80,,,32462.695454545454,29732.477272727272,,,,,,,,,12573.0
284,190,Isuzu,Ascender,Asia,All,31849.0,29977.0,4.2,6.0,275.0,15.0,20.0,4967.0,129.0,208.0,55609.27386934673
285,191,Isuzu,Rodeo,Asia,Front,20449.0,19261.0,3.2,6.0,193.0,17.0,21.0,3836.0,106.0,178.0,55609.27386934673
286,192,Jaguar,X-Type,Europe,All,29995.0,27355.0,2.5,6.0,192.0,18.0,26.0,3428.0,107.0,184.0,55609.27386934673
287,193,Jaguar,X-Type,Europe,All,33995.0,30995.0,3.0,6.0,227.0,18.0,25.0,3516.0,107.0,184.0,55609.27386934673
288,194,Jaguar,S-Type,Europe,Rear,43895.0,40004.0,3.0,6.0,235.0,18.0,26.0,3777.0,115.0,192.0,55609.27386934673
289,195,Jaguar,S-Type,Europe,Rear,49995.0,45556.0,4.2,8.0,294.0,18.0,28.0,3874.0,115.0,192.0,55609.27386934673
290,196,Jaguar,S-Type,Europe,Rear,63120.0,57499.0,4.2,8.0,390.0,17.0,24.0,4046.0,115.0,192.0,55609.27386934673
291,197,Jaguar,Vanden,Europe,Rear,68995.0,62846.0,4.2,8.0,294.0,18.0,28.0,3803.0,119.0,200.0,55609.27386934673
292,198,Jaguar,XJ8,Europe,Rear,59995.0,54656.0,4.2,8.0,294.0,18.0,28.0,3803.0,119.0,200.0,55609.27386934673
293,199,Jaguar,XJR,Europe,Rear,74995.0,68306.0,4.2,8.0,390.0,17.0,24.0,3948.0,119.0,200.0,55609.27386934673
294,200,Jaguar,XK8,Europe,Rear,69995.0,63756.0,4.2,8.0,294.0,18.0,26.0,3779.0,102.0,187.0,55609.27386934673
295,201,Jaguar,XK8,Europe,Rear,74995.0,68306.0,4.2,8.0,294.0,18.0,26.0,3980.0,102.0,187.0,55609.27386934673
296,202,Jaguar,XKR,Europe,Rear,81995.0,74676.0,4.2,8.0,390.0,16.0,23.0,3865.0,102.0,187.0,55609.27386934673
297,203,Jaguar,XKR,Europe,Rear,86995.0,79226.0,4.2,8.0,390.0,16.0,23.0,4042.0,102.0,187.0,55609.27386934673
298,542,Jaguar,E-Pace,,,32462.695454545454,29732.477272727272,,,,,,,,,2904.0
299,543,Jaguar,F-Pace,,,32462.695454545454,29732.477272727272,,,,,,,,,9237.0
300,544,Jaguar,F-Type,,,32462.695454545454,29732.477272727272,,,,,,,,,2112.0
301,545,Jaguar,I-Pace,,,32462.695454545454,29732.477272727272,,,,,,,,,1415.0
302,546,Jaguar,XE,,,32462.695454545454,29732.477272727272,,,,,,,,,270.0
303,547,Jaguar,XF,,,32462.695454545454,29732.477272727272,,,,,,,,,1183.0
304,548,Jaguar,XJ,,,32462.695454545454,29732.477272727272,,,,,,,,,28.0
305,204,Jeep,Grand,USA,Front,27905.0,25686.0,4.0,6.0,195.0,16.0,21.0,3790.0,106.0,181.0,254445.0
306,205,Jeep,Grand,USA,Front,27905.0,25686.0,4.0,6.0,195.0,16.0,21.0,3790.0,106.0,181.0,2676.0
307,206,Jeep,Liberty,USA,All,20130.0,18973.0,2.4,4.0,150.0,20.0,24.0,3826.0,104.0,174.0,55609.27386934673
308,207,Jeep,Wrangler,USA,All,25520.0,23275.0,4.0,6.0,190.0,16.0,19.0,3575.0,93.0,150.0,204610.0
309,549,Jeep,Cherokee,,,32462.695454545454,29732.477272727272,,,,,,,,,89126.0
310,550,Jeep,Compass,,,32462.695454545454,29732.477272727272,,,,,,,,,75642.0
311,551,Jeep,Gladiator,,,32462.695454545454,29732.477272727272,,,,,,,,,89712.0
312,552,Jeep,Patriot,,,32462.695454545454,29732.477272727272,,,,,,,,,15.0
313,553,Jeep,Renegade,,,32462.695454545454,29732.477272727272,,,,,,,,,47138.0
314,554,Jeep,Wagoneer,,,32462.695454545454,29732.477272727272,,,,,,,,,5349.0
315,208,Kia,Sorento,Asia,Front,19635.0,18630.0,3.5,6.0,192.0,16.0,19.0,4112.0,107.0,180.0,81785.0
316,209,Kia,Optima,Asia,Front,16040.0,14910.0,2.4,4.0,138.0,23.0,30.0,3281.0,106.0,186.0,16.0
317,210,Kia,Optima,Asia,Front,18435.0,16850.0,2.7,6.0,170.0,20.0,27.0,3279.0,106.0,186.0,16.0
318,211,Kia,Rio,Asia,Front,10280.0,9875.0,1.6,4.0,104.0,26.0,33.0,2403.0,95.0,167.0,31362.0
319,212,Kia,Rio,Asia,Front,11155.0,10705.0,1.6,4.0,104.0,25.0,32.0,2458.0,95.0,167.0,31362.0
320,213,Kia,Rio,Asia,Front,11905.0,11410.0,1.6,4.0,104.0,26.0,33.0,2447.0,95.0,167.0,31362.0
321,214,Kia,Spectra,Asia,Front,12360.0,11630.0,1.8,4.0,124.0,24.0,32.0,2661.0,101.0,178.0,55609.27386934673
322,215,Kia,Spectra,Asia,Front,13580.0,12830.0,1.8,4.0,124.0,24.0,32.0,2686.0,101.0,178.0,55609.27386934673
323,216,Kia,Spectra,Asia,Front,14630.0,13790.0,1.8,4.0,124.0,24.0,32.0,2697.0,101.0,178.0,55609.27386934673
324,217,Kia,Amanti,Asia,Front,26000.0,23764.0,3.5,6.0,195.0,17.0,25.0,4021.0,110.0,196.0,55609.27386934673
325,218,Kia,Sedona,Asia,Front,20615.0,19400.0,3.5,6.0,195.0,16.0,22.0,4802.0,115.0,194.0,14625.0
326,555,Kia,Cadenza,,,32462.695454545454,29732.477272727272,,,,,,,,,249.0
327,556,Kia,Carnival,,,32462.695454545454,29732.477272727272,,,,,,,,,10530.0
328,557,Kia,Forte,,,32462.695454545454,29732.477272727272,,,,,,,,,113051.0
329,558,Kia,K5,,,32462.695454545454,29732.477272727272,,,,,,,,,77195.0
330,559,Kia,K900,,,32462.695454545454,29732.477272727272,,,,,,,,,85.0
331,560,Kia,Niro,,,32462.695454545454,29732.477272727272,,,,,,,,,26192.0
332,561,Kia,Seltos,,,32462.695454545454,29732.477272727272,,,,,,,,,51368.0
333,562,Kia,Soul,,,32462.695454545454,29732.477272727272,,,,,,,,,75126.0
334,563,Kia,Sportage,,,32462.695454545454,29732.477272727272,,,,,,,,,88688.0
335,564,Kia,Stinger,,,32462.695454545454,29732.477272727272,,,,,,,,,13517.0
336,565,Kia,Telluride,,,32462.695454545454,29732.477272727272,,,,,,,,,93705.0
337,566,Land,Rover,,,32462.695454545454,29732.477272727272,,,,,,,,,19080.0
338,567,Land,Rover,,,32462.695454545454,29732.477272727272,,,,,,,,,4398.0
339,568,Land,Rover,,,32462.695454545454,29732.477272727272,,,,,,,,,7222.0
340,569,Land,Rover,,,32462.695454545454,29732.477272727272,,,,,,,,,17285.0
341,570,Land,Rover,,,32462.695454545454,29732.477272727272,,,,,,,,,7181.0
342,571,Land,Rover,,,32462.695454545454,29732.477272727272,,,,,,,,,21341.0
343,572,Land,Rover,,,32462.695454545454,29732.477272727272,,,,,,,,,13271.0
344,219,Land Rover,Range,Europe,All,72250.0,65807.0,4.4,8.0,282.0,12.0,16.0,5379.0,113.0,195.0,55609.27386934673
345,220,Land Rover,Discovery,Europe,All,39250.0,35777.0,4.6,8.0,217.0,12.0,16.0,4576.0,100.0,185.0,55609.27386934673
346,221,Land Rover,Freelander,Europe,All,25995.0,23969.0,2.5,6.0,174.0,18.0,21.0,3577.0,101.0,175.0,55609.27386934673
347,222,Lexus,GX,Asia,All,45700.0,39838.0,4.7,8.0,235.0,15.0,19.0,4740.0,110.0,188.0,32509.0
348,223,Lexus,LX,Asia,All,64800.0,56455.0,4.7,8.0,235.0,13.0,17.0,5590.0,112.0,193.0,26016.0
349,224,Lexus,RX,Asia,All,39195.0,34576.0,3.3,6.0,230.0,18.0,24.0,4065.0,107.0,186.0,115320.0
350,225,Lexus,ES,Asia,Front,32350.0,28755.0,3.3,6.0,225.0,20.0,29.0,3460.0,107.0,191.0,45406.0
351,226,Lexus,IS,Asia,Rear,31045.0,27404.0,3.0,6.0,215.0,18.0,25.0,3255.0,105.0,177.0,21998.0
352,227,Lexus,IS,Asia,Rear,32415.0,28611.0,3.0,6.0,215.0,18.0,24.0,3285.0,105.0,177.0,21998.0
353,228,Lexus,IS,Asia,Rear,32455.0,28647.0,3.0,6.0,215.0,18.0,24.0,3410.0,105.0,177.0,21998.0
354,229,Lexus,GS,Asia,Rear,41010.0,36196.0,3.0,6.0,220.0,18.0,25.0,3649.0,110.0,189.0,76.0
355,230,Lexus,GS,Asia,Rear,48450.0,42232.0,4.3,8.0,300.0,18.0,23.0,3715.0,110.0,189.0,76.0
356,231,Lexus,LS,Asia,Rear,55750.0,48583.0,4.3,8.0,290.0,18.0,25.0,3990.0,115.0,197.0,3739.0
357,232,Lexus,SC,Asia,Rear,63200.0,55063.0,4.3,8.0,300.0,18.0,23.0,3840.0,103.0,178.0,55609.27386934673
358,573,Lexus,LC,,,32462.695454545454,29732.477272727272,,,,,,,,,2782.0
359,574,Lexus,NX,,,32462.695454545454,29732.477272727272,,,,,,,,,58514.0
360,575,Lexus,RC,,,32462.695454545454,29732.477272727272,,,,,,,,,2987.0
361,576,Lexus,UX,,,32462.695454545454,29732.477272727272,,,,,,,,,17581.0
362,233,Lincoln,Navigator,USA,All,52775.0,46360.0,5.4,8.0,300.0,13.0,18.0,5969.0,119.0,206.0,15631.0
363,234,Lincoln,Aviator,USA,Front,42915.0,39443.0,4.6,8.0,302.0,13.0,18.0,4834.0,114.0,193.0,20924.0
364,235,Lincoln,LS,USA,Rear,32495.0,29969.0,3.0,6.0,232.0,20.0,26.0,3681.0,115.0,194.0,55609.27386934673
365,236,Lincoln,LS,USA,Rear,36895.0,33929.0,3.0,6.0,232.0,20.0,26.0,3681.0,115.0,194.0,55609.27386934673
366,237,Lincoln,LS,USA,Rear,40095.0,36809.0,3.9,8.0,280.0,17.0,24.0,3768.0,115.0,194.0,55609.27386934673
367,238,Lincoln,LS,USA,Rear,43495.0,39869.0,3.9,8.0,280.0,17.0,24.0,3768.0,115.0,194.0,55609.27386934673
368,239,Lincoln,Town,USA,Rear,41815.0,38418.0,4.6,8.0,239.0,17.0,25.0,4369.0,118.0,215.0,55609.27386934673
369,240,Lincoln,Town,USA,Rear,44925.0,41217.0,4.6,8.0,239.0,17.0,25.0,4369.0,118.0,215.0,55609.27386934673
370,241,Lincoln,Town,USA,Rear,50470.0,46208.0,4.6,8.0,239.0,17.0,25.0,4474.0,124.0,221.0,55609.27386934673
371,577,Lincoln,Continental,,,32462.695454545454,29732.477272727272,,,,,,,,,1460.0
372,578,Lincoln,Corsair,,,32462.695454545454,29732.477272727272,,,,,,,,,22790.0
373,579,Lincoln,MKX/Nautilus,,,32462.695454545454,29732.477272727272,,,,,,,,,25443.0
374,580,Lincoln,MKZ,,,32462.695454545454,29732.477272727272,,,,,,,,,1681.0
375,244,Mazda,Tribute,Asia,All,21087.0,19742.0,2.0,4.0,130.0,22.0,25.0,3091.0,103.0,173.0,55609.27386934673
376,245,Mazda,Mazda3,Asia,Front,15500.0,14525.0,2.0,4.0,148.0,26.0,34.0,2696.0,104.0,178.0,55609.27386934673
377,246,Mazda,Mazda3,Asia,Front,17200.0,15922.0,2.3,4.0,160.0,25.0,31.0,2762.0,104.0,179.0,55609.27386934673
378,247,Mazda,Mazda6,Asia,Front,19270.0,17817.0,2.3,4.0,160.0,24.0,32.0,3042.0,105.0,187.0,55609.27386934673
379,248,Mazda,MPV,Asia,Front,28750.0,26600.0,3.0,6.0,200.0,18.0,25.0,3812.0,112.0,188.0,55609.27386934673
380,249,Mazda,MX-5,Asia,Rear,22388.0,20701.0,1.8,4.0,142.0,23.0,28.0,2387.0,89.0,156.0,10470.0
381,250,Mazda,MX-5,Asia,Rear,25193.0,23285.0,1.8,4.0,142.0,23.0,28.0,2387.0,89.0,156.0,10470.0
382,251,Mazda,RX-8,Asia,Rear,25700.0,23794.0,1.3,,197.0,18.0,25.0,3053.0,106.0,174.0,55609.27386934673
383,252,Mazda,RX-8,Asia,Rear,27200.0,25179.0,1.3,,238.0,18.0,24.0,3029.0,106.0,174.0,55609.27386934673
384,253,Mazda,B2300,Asia,Rear,14840.0,14070.0,2.3,4.0,143.0,24.0,29.0,2960.0,112.0,188.0,55609.27386934673
385,254,Mazda,B4000,Asia,All,22350.0,20482.0,4.0,6.0,207.0,15.0,19.0,3571.0,126.0,203.0,55609.27386934673
386,581,Mazda,3,,,32462.695454545454,29732.477272727272,,,,,,,,,41845.0
387,582,Mazda,5,,,32462.695454545454,29732.477272727272,,,,,,,,,60.0
388,583,Mazda,6,,,32462.695454545454,29732.477272727272,,,,,,,,,18504.0
389,584,Mazda,CX-3,,,32462.695454545454,29732.477272727272,,,,,,,,,6374.0
390,585,Mazda,CX-30,,,32462.695454545454,29732.477272727272,,,,,,,,,55180.0
391,586,Mazda,CX-5,,,32462.695454545454,29732.477272727272,,,,,,,,,163940.0
392,587,Mazda,CX-9,,,32462.695454545454,29732.477272727272,,,,,,,,,31803.0
393,588,Mazda,MX-30,,,32462.695454545454,29732.477272727272,,,,,,,,,61.0
394,255,Mercedes-Benz,G500,Europe,All,76870.0,71540.0,5.0,8.0,292.0,13.0,14.0,5423.0,112.0,186.0,55609.27386934673
395,256,Mercedes-Benz,ML500,Europe,All,46470.0,43268.0,5.0,8.0,288.0,14.0,17.0,4874.0,111.0,183.0,55609.27386934673
396,257,Mercedes-Benz,C230,Europe,Rear,26060.0,24249.0,1.8,4.0,189.0,22.0,30.0,3250.0,107.0,178.0,55609.27386934673
397,258,Mercedes-Benz,C320,Europe,Rear,28370.0,26435.0,3.2,6.0,215.0,19.0,26.0,3430.0,107.0,178.0,55609.27386934673
398,259,Mercedes-Benz,C320,Europe,Rear,35920.0,33456.0,3.2,6.0,215.0,19.0,26.0,3430.0,107.0,178.0,55609.27386934673
399,260,Mercedes-Benz,C320,Europe,Rear,37630.0,35046.0,3.2,6.0,215.0,20.0,26.0,3450.0,107.0,178.0,55609.27386934673
400,261,Mercedes-Benz,C320,Europe,All,38830.0,36162.0,3.2,6.0,215.0,19.0,27.0,3450.0,107.0,178.0,55609.27386934673
401,262,Mercedes-Benz,C240,Europe,Rear,32280.0,30071.0,2.6,6.0,168.0,20.0,25.0,3360.0,107.0,178.0,55609.27386934673
402,263,Mercedes-Benz,C240,Europe,All,33480.0,31187.0,2.6,6.0,168.0,19.0,25.0,3360.0,107.0,178.0,55609.27386934673
403,264,Mercedes-Benz,C240,Europe,Rear,33780.0,31466.0,2.6,6.0,168.0,19.0,25.0,3470.0,107.0,179.0,55609.27386934673
404,265,Mercedes-Benz,C32,Europe,Rear,52120.0,48522.0,3.2,6.0,349.0,16.0,21.0,3540.0,107.0,178.0,55609.27386934673
405,266,Mercedes-Benz,CL500,Europe,Rear,94820.0,88324.0,5.0,8.0,302.0,16.0,24.0,4085.0,114.0,196.0,55609.27386934673
406,267,Mercedes-Benz,CL600,Europe,Rear,128420.0,119600.0,5.5,12.0,493.0,13.0,19.0,4473.0,114.0,196.0,55609.27386934673
407,268,Mercedes-Benz,CLK320,Europe,Rear,45707.0,41966.0,3.2,6.0,215.0,20.0,26.0,3770.0,107.0,183.0,55609.27386934673
408,269,Mercedes-Benz,CLK500,Europe,Rear,52800.0,49104.0,5.0,8.0,302.0,17.0,22.0,3585.0,107.0,183.0,55609.27386934673
409,270,Mercedes-Benz,E320,Europe,Rear,48170.0,44849.0,3.2,6.0,221.0,19.0,27.0,3635.0,112.0,190.0,55609.27386934673
410,271,Mercedes-Benz,E320,Europe,Rear,50670.0,47174.0,3.2,6.0,221.0,19.0,27.0,3966.0,112.0,190.0,55609.27386934673
411,272,Mercedes-Benz,E500,Europe,Rear,57270.0,53382.0,5.0,8.0,302.0,16.0,20.0,3815.0,112.0,190.0,55609.27386934673
412,273,Mercedes-Benz,E500,Europe,All,60670.0,56474.0,5.0,8.0,302.0,16.0,24.0,4230.0,112.0,190.0,55609.27386934673
413,274,Mercedes-Benz,S430,Europe,Rear,74320.0,69168.0,4.3,8.0,275.0,18.0,26.0,4160.0,122.0,203.0,55609.27386934673
414,275,Mercedes-Benz,S500,Europe,All,86970.0,80939.0,5.0,8.0,302.0,16.0,24.0,4390.0,122.0,203.0,55609.27386934673
415,276,Mercedes-Benz,SL500,Europe,Rear,90520.0,84325.0,5.0,8.0,302.0,16.0,23.0,4065.0,101.0,179.0,55609.27386934673
416,277,Mercedes-Benz,SL55,Europe,Rear,121770.0,113388.0,5.5,8.0,493.0,14.0,21.0,4235.0,101.0,179.0,55609.27386934673
417,278,Mercedes-Benz,SL600,Europe,Rear,126670.0,117854.0,5.5,12.0,493.0,13.0,19.0,4429.0,101.0,179.0,55609.27386934673
418,279,Mercedes-Benz,SLK230,Europe,Rear,40320.0,37548.0,2.3,4.0,192.0,21.0,29.0,3055.0,95.0,158.0,55609.27386934673
419,280,Mercedes-Benz,SLK32,Europe,Rear,56170.0,52289.0,3.2,6.0,349.0,17.0,22.0,3220.0,95.0,158.0,55609.27386934673
420,589,Mercedes-Benz,A-Class,,,32462.695454545454,29732.477272727272,,,,,,,,,8108.0
421,590,Mercedes-Benz,AMG,,,32462.695454545454,29732.477272727272,,,,,,,,,3109.0
422,591,Mercedes-Benz,C-Class,,,32462.695454545454,29732.477272727272,,,,,,,,,30816.0
423,592,Mercedes-Benz,CLA-Class,,,32462.695454545454,29732.477272727272,,,,,,,,,6823.0
424,593,Mercedes-Benz,E,,,32462.695454545454,29732.477272727272,,,,,,,,,20946.0
425,594,Mercedes-Benz,EQS-Sedan,,,32462.695454545454,29732.477272727272,,,,,,,,,443.0
426,595,Mercedes-Benz,G-Class,,,32462.695454545454,29732.477272727272,,,,,,,,,8521.0
427,596,Mercedes-Benz,GL/GLS-Class,,,32462.695454545454,29732.477272727272,,,,,,,,,24465.0
428,597,Mercedes-Benz,GLA-Class,,,32462.695454545454,29732.477272727272,,,,,,,,,14323.0
429,598,Mercedes-Benz,GLB,,,32462.695454545454,29732.477272727272,,,,,,,,,26676.0
430,599,Mercedes-Benz,GLC/GLK-Class,,,32462.695454545454,29732.477272727272,,,,,,,,,51805.0
431,600,Mercedes-Benz,GLE-Class,,,32462.695454545454,29732.477272727272,,,,,,,,,65073.0
432,601,Mercedes-Benz,Metris,,,32462.695454545454,29732.477272727272,,,,,,,,,13054.0
433,602,Mercedes-Benz,S-Class,,,32462.695454545454,29732.477272727272,,,,,,,,,14284.0
434,603,Mercedes-Benz,SL-Class,,,32462.695454545454,29732.477272727272,,,,,,,,,460.0
435,604,Mercedes-Benz,SLC-Class,,,32462.695454545454,29732.477272727272,,,,,,,,,225.0
436,605,Mercedes-Benz,Sprinter,,,32462.695454545454,29732.477272727272,,,,,,,,,40534.0
437,281,Mercury,Mountaineer,USA,Front,29995.0,27317.0,4.0,6.0,210.0,16.0,21.0,4374.0,114.0,190.0,55609.27386934673
438,282,Mercury,Sable,USA,Front,21595.0,19848.0,3.0,6.0,155.0,20.0,27.0,3308.0,109.0,200.0,55609.27386934673
439,283,Mercury,Sable,USA,Front,23895.0,21918.0,3.0,6.0,201.0,19.0,26.0,3315.0,109.0,200.0,55609.27386934673
440,284,Mercury,Sable,USA,Front,22595.0,20748.0,3.0,6.0,155.0,19.0,26.0,3488.0,109.0,198.0,55609.27386934673
441,285,Mercury,Grand,USA,Rear,24695.0,23217.0,4.6,8.0,224.0,17.0,25.0,4052.0,115.0,212.0,55609.27386934673
442,286,Mercury,Grand,USA,Rear,29595.0,27148.0,4.6,8.0,224.0,17.0,25.0,4052.0,115.0,212.0,55609.27386934673
443,287,Mercury,Grand,USA,Rear,30895.0,28318.0,4.6,8.0,224.0,17.0,25.0,4052.0,115.0,212.0,55609.27386934673
444,288,Mercury,Marauder,USA,Rear,34495.0,31558.0,4.6,8.0,302.0,17.0,23.0,4195.0,115.0,212.0,55609.27386934673
445,289,Mercury,Monterey,USA,Front,33995.0,30846.0,4.2,6.0,201.0,16.0,23.0,4340.0,121.0,202.0,55609.27386934673
446,242,MINI,Cooper,Europe,Front,16999.0,15437.0,1.6,4.0,115.0,28.0,37.0,2524.0,97.0,143.0,55609.27386934673
447,243,MINI,Cooper,Europe,Front,19999.0,18137.0,1.6,4.0,163.0,25.0,34.0,2678.0,97.0,144.0,55609.27386934673
448,606,Mini,Cooper,,,32462.695454545454,29732.477272727272,,,,,,,,,22970.0
449,607,Mini,Countryman,,,32462.695454545454,29732.477272727272,,,,,,,,,12198.0
450,290,Mitsubishi,Endeavor,Asia,All,30492.0,28330.0,3.8,6.0,215.0,17.0,21.0,4134.0,109.0,190.0,55609.27386934673
451,291,Mitsubishi,Montero,Asia,All,33112.0,30763.0,3.8,6.0,215.0,15.0,19.0,4718.0,110.0,190.0,55609.27386934673
452,292,Mitsubishi,Outlander,Asia,Front,18892.0,17569.0,2.4,4.0,160.0,21.0,27.0,3240.0,103.0,179.0,33883.0
453,293,Mitsubishi,Outlander,Asia,Front,18892.0,17569.0,2.4,4.0,160.0,21.0,27.0,3240.0,103.0,179.0,2249.0
454,294,Mitsubishi,Outlander,Asia,Front,18892.0,17569.0,2.4,4.0,160.0,21.0,27.0,3240.0,103.0,179.0,34214.0
455,295,Mitsubishi,Lancer,Asia,Front,14622.0,13751.0,2.0,4.0,120.0,25.0,31.0,2656.0,102.0,181.0,55609.27386934673
456,296,Mitsubishi,Lancer,Asia,Front,16722.0,15718.0,2.0,4.0,120.0,25.0,31.0,2795.0,102.0,181.0,55609.27386934673
457,297,Mitsubishi,Lancer,Asia,Front,17232.0,16196.0,2.0,4.0,120.0,25.0,31.0,2744.0,102.0,181.0,55609.27386934673
458,298,Mitsubishi,Lancer,Asia,Front,29562.0,27466.0,2.0,4.0,271.0,18.0,26.0,3263.0,103.0,179.0,55609.27386934673
459,299,Mitsubishi,Lancer,Asia,Front,17495.0,16295.0,2.4,4.0,160.0,25.0,31.0,3020.0,102.0,181.0,55609.27386934673
460,300,Mitsubishi,Galant,Asia,Front,19312.0,17957.0,2.4,4.0,160.0,23.0,30.0,3351.0,108.0,191.0,55609.27386934673
461,301,Mitsubishi,Galant,Asia,Front,25700.0,23883.0,3.8,6.0,230.0,18.0,26.0,3649.0,108.0,191.0,55609.27386934673
462,302,Mitsubishi,Diamante,Asia,Front,29282.0,27250.0,3.5,6.0,205.0,18.0,25.0,3549.0,107.0,194.0,55609.27386934673
463,303,Mitsubishi,Eclipse,Asia,Front,25092.0,23456.0,3.0,6.0,210.0,21.0,28.0,3241.0,101.0,177.0,8946.0
464,304,Mitsubishi,Eclipse,Asia,Front,26992.0,25218.0,3.0,6.0,210.0,21.0,28.0,3296.0,101.0,177.0,8946.0
465,608,Mitsubishi,Mirage,,,32462.695454545454,29732.477272727272,,,,,,,,,22743.0
466,305,Nissan,Pathfinder,Asia,Front,33840.0,30815.0,5.6,8.0,305.0,13.0,19.0,5013.0,123.0,207.0,41324.0
467,306,Nissan,Pathfinder,Asia,Front,27339.0,25972.0,3.5,6.0,240.0,16.0,21.0,3871.0,106.0,183.0,41324.0
468,307,Nissan,Xterra,Asia,Front,20939.0,19512.0,3.3,6.0,180.0,17.0,20.0,3760.0,104.0,178.0,55609.27386934673
469,308,Nissan,Sentra,Asia,Front,12740.0,12205.0,1.8,4.0,126.0,28.0,35.0,2513.0,100.0,178.0,127862.0
470,309,Nissan,Sentra,Asia,Front,14740.0,13747.0,1.8,4.0,126.0,28.0,35.0,2581.0,100.0,178.0,127862.0
471,310,Nissan,Sentra,Asia,Front,17640.0,16444.0,2.5,4.0,165.0,23.0,28.0,2761.0,100.0,178.0,127862.0
472,311,Nissan,Altima,Asia,Front,19240.0,18030.0,2.5,4.0,175.0,21.0,26.0,3039.0,110.0,192.0,103776.0
473,312,Nissan,Altima,Asia,Front,23290.0,21580.0,3.5,6.0,245.0,21.0,26.0,3197.0,110.0,192.0,103776.0
474,313,Nissan,Maxima,Asia,Front,27490.0,25182.0,3.5,6.0,265.0,20.0,28.0,3473.0,111.0,194.0,16386.0
475,314,Nissan,Maxima,Asia,Front,29440.0,26966.0,3.5,6.0,265.0,20.0,28.0,3476.0,111.0,194.0,16386.0
476,315,Nissan,Quest,Asia,Front,24780.0,22958.0,3.5,6.0,240.0,19.0,26.0,4012.0,124.0,204.0,55609.27386934673
477,316,Nissan,Quest,Asia,Front,32780.0,30019.0,3.5,6.0,240.0,18.0,25.0,4175.0,124.0,204.0,55609.27386934673
478,317,Nissan,350Z,Asia,Rear,26910.0,25203.0,3.5,6.0,287.0,20.0,26.0,3188.0,104.0,169.0,55609.27386934673
479,318,Nissan,350Z,Asia,Rear,34390.0,31845.0,3.5,6.0,287.0,20.0,26.0,3428.0,104.0,169.0,55609.27386934673
480,319,Nissan,Frontier,Asia,All,19479.0,18253.0,3.3,6.0,180.0,17.0,20.0,3932.0,116.0,191.0,60697.0
481,320,Nissan,Titan,Asia,All,26650.0,24926.0,5.6,8.0,305.0,14.0,18.0,5287.0,140.0,224.0,27406.0
482,321,Nissan,Murano,Asia,Rear,28739.0,27300.0,3.5,6.0,245.0,20.0,25.0,3801.0,111.0,188.0,46115.0
483,609,Nissan,370Z,,,32462.695454545454,29732.477272727272,,,,,,,,,37.0
484,610,Nissan,Armada,,,32462.695454545454,29732.477272727272,,,,,,,,,22815.0
485,611,Nissan,GT-R,,,32462.695454545454,29732.477272727272,,,,,,,,,228.0
486,612,Nissan,Kicks,,,32462.695454545454,29732.477272727272,,,,,,,,,82960.0
487,613,Nissan,Leaf,,,32462.695454545454,29732.477272727272,,,,,,,,,14237.0
488,614,Nissan,NV,,,32462.695454545454,29732.477272727272,,,,,,,,,11374.0
489,615,Nissan,NV200,,,32462.695454545454,29732.477272727272,,,,,,,,,17359.0
490,616,Nissan,Rogue,,,32462.695454545454,29732.477272727272,,,,,,,,,285601.0
491,617,Nissan,Versa,,,32462.695454545454,29732.477272727272,,,,,,,,,60913.0
492,322,Oldsmobile,Alero,USA,Front,18825.0,17642.0,2.2,4.0,140.0,24.0,32.0,2946.0,107.0,187.0,55609.27386934673
493,323,Oldsmobile,Alero,USA,Front,23675.0,21485.0,3.4,6.0,170.0,20.0,29.0,3085.0,107.0,187.0,55609.27386934673
494,324,Oldsmobile,Silhouette,USA,Front,28790.0,26120.0,3.4,6.0,185.0,19.0,26.0,3948.0,120.0,201.0,55609.27386934673
495,325,Pontiac,Aztekt,USA,Front,21595.0,19810.0,3.4,6.0,185.0,19.0,26.0,3779.0,108.0,182.0,55609.27386934673
496,326,Pontiac,Sunfire,USA,Front,15495.0,14375.0,2.2,4.0,140.0,24.0,33.0,2771.0,104.0,182.0,55609.27386934673
497,327,Pontiac,Sunfire,USA,Front,17735.0,16369.0,2.2,4.0,140.0,24.0,33.0,2771.0,104.0,182.0,55609.27386934673
498,328,Pontiac,Grand,USA,Front,22450.0,20595.0,3.4,6.0,175.0,20.0,29.0,3118.0,107.0,186.0,55609.27386934673
499,329,Pontiac,Grand,USA,Front,22395.0,20545.0,3.8,6.0,200.0,20.0,30.0,3477.0,111.0,198.0,55609.27386934673
500,330,Pontiac,Grand,USA,Front,24295.0,22284.0,3.8,6.0,200.0,20.0,30.0,3484.0,111.0,198.0,55609.27386934673
501,331,Pontiac,Bonneville,USA,Front,35995.0,32997.0,4.6,8.0,275.0,17.0,20.0,3790.0,112.0,203.0,55609.27386934673
502,332,Pontiac,Montana,USA,Front,23845.0,21644.0,3.4,6.0,185.0,19.0,26.0,3803.0,112.0,187.0,55609.27386934673
503,333,Pontiac,Montana,USA,All,31370.0,28454.0,3.4,6.0,185.0,18.0,24.0,4431.0,121.0,201.0,55609.27386934673
504,334,Pontiac,GTO,USA,Rear,33500.0,30710.0,5.7,8.0,340.0,16.0,20.0,3725.0,110.0,190.0,55609.27386934673
505,335,Pontiac,Vibe,USA,Rear,17045.0,15973.0,1.8,4.0,130.0,29.0,36.0,2701.0,102.0,172.0,55609.27386934673
506,336,Porsche,Cayenne,Europe,All,56665.0,49865.0,4.5,8.0,340.0,14.0,18.0,4950.0,112.0,188.0,21048.0
507,337,Porsche,911,Europe,Rear,79165.0,69229.0,3.6,6.0,315.0,18.0,26.0,3135.0,93.0,175.0,9167.0
508,338,Porsche,911,Europe,All,84165.0,72206.0,3.6,6.0,315.0,17.0,24.0,3240.0,93.0,175.0,9167.0
509,339,Porsche,911,Europe,Rear,76765.0,67128.0,3.6,6.0,315.0,18.0,26.0,3119.0,93.0,175.0,9167.0
510,340,Porsche,911,Europe,Rear,192465.0,173560.0,3.6,6.0,477.0,17.0,24.0,3131.0,93.0,175.0,9167.0
511,341,Porsche,Boxster,Europe,Rear,43365.0,37886.0,2.7,6.0,228.0,20.0,29.0,2811.0,95.0,170.0,55609.27386934673
512,342,Porsche,Boxster,Europe,Rear,52365.0,45766.0,3.2,6.0,258.0,18.0,26.0,2911.0,95.0,170.0,55609.27386934673
513,618,Porsche,718,,,32462.695454545454,29732.477272727272,,,,,,,,,4656.0
514,619,Porsche,Macan,,,32462.695454545454,29732.477272727272,,,,,,,,,22002.0
515,620,Porsche,Panamera,,,32462.695454545454,29732.477272727272,,,,,,,,,3555.0
516,621,Porsche,Taycan,,,32462.695454545454,29732.477272727272,,,,,,,,,8747.0
517,622,Ram,Pickup,,,32462.695454545454,29732.477272727272,,,,,,,,,569389.0
518,623,Ram,ProMaster,,,32462.695454545454,29732.477272727272,,,,,,,,,63362.0
519,624,Ram,ProMaster,,,32462.695454545454,29732.477272727272,,,,,,,,,14578.0
520,343,Saab,03-Sep,Europe,Front,30860.0,29269.0,2.0,4.0,210.0,20.0,28.0,3175.0,105.0,183.0,55609.27386934673
521,344,Saab,03-Sep,Europe,Front,33360.0,31562.0,2.0,4.0,210.0,20.0,28.0,3175.0,105.0,183.0,55609.27386934673
522,345,Saab,03-Sep,Europe,Front,40670.0,38520.0,2.0,4.0,210.0,21.0,29.0,3480.0,105.0,182.0,55609.27386934673
523,346,Saab,03-Sep,Europe,Front,43175.0,40883.0,2.0,4.0,210.0,21.0,30.0,3700.0,105.0,182.0,55609.27386934673
524,347,Saab,05-Sep,Europe,Front,35105.0,33011.0,2.3,4.0,220.0,21.0,29.0,3470.0,106.0,190.0,55609.27386934673
525,348,Saab,05-Sep,Europe,Front,39465.0,37721.0,2.3,4.0,250.0,21.0,29.0,3470.0,106.0,190.0,55609.27386934673
526,349,Saab,05-Sep,Europe,Front,40845.0,38376.0,2.3,4.0,250.0,19.0,29.0,3620.0,106.0,190.0,55609.27386934673
527,350,Saturn,VUE,USA,All,20585.0,19238.0,2.2,4.0,143.0,21.0,26.0,3381.0,107.0,181.0,55609.27386934673
528,351,Saturn,Ion1,USA,Front,10995.0,10319.0,2.2,4.0,140.0,26.0,35.0,2692.0,103.0,185.0,55609.27386934673
529,352,Saturn,lon2,USA,Front,14300.0,13393.0,2.2,4.0,140.0,26.0,35.0,2692.0,103.0,185.0,55609.27386934673
530,353,Saturn,lon2,USA,Front,14850.0,13904.0,2.2,4.0,140.0,26.0,35.0,2751.0,103.0,185.0,55609.27386934673
531,354,Saturn,lon3,USA,Front,15825.0,14811.0,2.2,4.0,140.0,26.0,35.0,2692.0,103.0,185.0,55609.27386934673
532,355,Saturn,lon3,USA,Front,16350.0,15299.0,2.2,4.0,140.0,26.0,35.0,2751.0,103.0,185.0,55609.27386934673
533,356,Saturn,L300-2,USA,Front,21410.0,19801.0,3.0,6.0,182.0,20.0,28.0,3197.0,107.0,190.0,55609.27386934673
534,357,Saturn,L300,USA,Front,23560.0,21779.0,2.2,4.0,140.0,24.0,34.0,3109.0,107.0,190.0,55609.27386934673
535,358,Scion,xA,Asia,Front,12965.0,12340.0,1.5,4.0,108.0,32.0,38.0,2340.0,93.0,154.0,55609.27386934673
536,359,Scion,xB,Asia,Front,14165.0,13480.0,1.5,4.0,108.0,31.0,35.0,2425.0,98.0,155.0,55609.27386934673
537,360,Subaru,Impreza,Asia,All,19945.0,18399.0,2.5,4.0,165.0,22.0,28.0,2965.0,99.0,174.0,34791.0
538,361,Subaru,Impreza,Asia,All,19945.0,18399.0,2.5,4.0,165.0,22.0,28.0,2965.0,99.0,174.0,27141.0
539,362,Subaru,Impreza,Asia,All,25045.0,23022.0,2.0,4.0,227.0,20.0,27.0,3085.0,99.0,174.0,34791.0
540,363,Subaru,Impreza,Asia,All,25045.0,23022.0,2.0,4.0,227.0,20.0,27.0,3085.0,99.0,174.0,27141.0
541,364,Subaru,Impreza,Asia,All,31545.0,29130.0,2.5,4.0,300.0,18.0,24.0,3263.0,100.0,174.0,34791.0
542,365,Subaru,Impreza,Asia,All,31545.0,29130.0,2.5,4.0,300.0,18.0,24.0,3263.0,100.0,174.0,27141.0
543,366,Subaru,Legacy,Asia,All,20445.0,18713.0,2.5,4.0,165.0,21.0,28.0,3285.0,104.0,184.0,22766.0
544,367,Subaru,Legacy,Asia,All,25645.0,23336.0,2.5,4.0,165.0,21.0,28.0,3395.0,104.0,184.0,22766.0
545,368,Subaru,Outback,Asia,All,27145.0,24687.0,2.5,4.0,165.0,20.0,27.0,3495.0,104.0,184.0,154623.0
546,369,Subaru,Outback,Asia,All,29345.0,26660.0,3.0,6.0,212.0,19.0,26.0,3610.0,104.0,184.0,154623.0
547,370,Subaru,Outback,Asia,All,31545.0,28603.0,3.0,6.0,212.0,19.0,26.0,3630.0,104.0,184.0,154623.0
548,371,Subaru,Outback,Asia,All,23895.0,21773.0,2.5,4.0,165.0,21.0,28.0,3430.0,104.0,187.0,154623.0
549,372,Subaru,Baja,Asia,All,24520.0,22304.0,2.5,4.0,165.0,21.0,28.0,3485.0,104.0,193.0,55609.27386934673
550,373,Subaru,Forester,Asia,All,21445.0,19646.0,2.5,4.0,165.0,21.0,28.0,3090.0,99.0,175.0,154723.0
551,625,Subaru,Ascent,,,32462.695454545454,29732.477272727272,,,,,,,,,74650.0
552,626,Subaru,BRZ,,,32462.695454545454,29732.477272727272,,,,,,,,,2320.0
553,627,Subaru,CrossTrek,,,32462.695454545454,29732.477272727272,,,,,,,,,127466.0
554,374,Suzuki,XL-7,Asia,Front,23699.0,22307.0,2.7,6.0,185.0,18.0,22.0,3682.0,110.0,187.0,55609.27386934673
555,375,Suzuki,Vitara,Asia,All,17163.0,16949.0,2.5,6.0,165.0,19.0,22.0,3020.0,98.0,163.0,55609.27386934673
556,376,Suzuki,Aeno,Asia,Front,12884.0,12719.0,2.3,4.0,155.0,25.0,31.0,2676.0,98.0,171.0,55609.27386934673
557,377,Suzuki,Aerio,Asia,Front,14500.0,14317.0,2.3,4.0,155.0,25.0,31.0,2676.0,98.0,171.0,55609.27386934673
558,378,Suzuki,Aerio,Asia,All,16497.0,16291.0,2.3,4.0,155.0,24.0,29.0,2932.0,98.0,167.0,55609.27386934673
559,379,Suzuki,Forenza,Asia,Front,12269.0,12116.0,2.0,4.0,119.0,24.0,31.0,2701.0,102.0,177.0,55609.27386934673
560,380,Suzuki,Forenza,Asia,Front,15568.0,15378.0,2.0,4.0,119.0,22.0,30.0,2756.0,102.0,177.0,55609.27386934673
561,381,Suzuki,Verona,Asia,Front,17262.0,17053.0,2.5,6.0,155.0,20.0,27.0,3380.0,106.0,188.0,55609.27386934673
562,628,Tesla,Model,,,32462.695454545454,29732.477272727272,,,,,,,,,121610.0
563,629,Tesla,Model,,,32462.695454545454,29732.477272727272,,,,,,,,,11556.0
564,630,Tesla,Model,,,32462.695454545454,29732.477272727272,,,,,,,,,7305.0
565,631,Tesla,Model,,,32462.695454545454,29732.477272727272,,,,,,,,,161527.0
566,382,Toyota,Prius,Asia,Front,20510.0,18926.0,1.5,4.0,110.0,59.0,51.0,2890.0,106.0,175.0,59010.0
567,383,Toyota,Sequoia,Asia,All,35695.0,31827.0,4.7,8.0,240.0,14.0,17.0,5270.0,118.0,204.0,8070.0
568,384,Toyota,4Runner,Asia,Front,27710.0,24801.0,4.0,6.0,245.0,18.0,21.0,4035.0,110.0,189.0,144696.0
569,385,Toyota,Highlander,Asia,All,27930.0,24915.0,3.3,6.0,230.0,18.0,24.0,3935.0,107.0,185.0,264128.0
570,386,Toyota,Land,Asia,All,54765.0,47986.0,4.7,8.0,325.0,13.0,17.0,5390.0,112.0,193.0,3711.0
571,387,Toyota,RAV4,Asia,All,20290.0,18553.0,2.4,4.0,161.0,22.0,27.0,3119.0,98.0,167.0,407739.0
572,388,Toyota,Corolla,Asia,Front,14085.0,13065.0,1.8,4.0,130.0,32.0,40.0,2502.0,102.0,178.0,223215.0
573,389,Toyota,Corolla,Asia,Front,14085.0,13065.0,1.8,4.0,130.0,32.0,40.0,2502.0,102.0,178.0,7203.0
574,390,Toyota,Corolla,Asia,Front,15030.0,13650.0,1.8,4.0,130.0,32.0,40.0,2524.0,102.0,178.0,223215.0
575,391,Toyota,Corolla,Asia,Front,15030.0,13650.0,1.8,4.0,130.0,32.0,40.0,2524.0,102.0,178.0,7203.0
576,392,Toyota,Corolla,Asia,Front,15295.0,13889.0,1.8,4.0,130.0,32.0,40.0,2524.0,102.0,178.0,223215.0
577,393,Toyota,Corolla,Asia,Front,15295.0,13889.0,1.8,4.0,130.0,32.0,40.0,2524.0,102.0,178.0,7203.0
578,394,Toyota,Echo,Asia,Front,10760.0,10144.0,1.5,4.0,108.0,35.0,43.0,2035.0,93.0,163.0,55609.27386934673
579,395,Toyota,Echo,Asia,Front,11560.0,10896.0,1.5,4.0,108.0,33.0,39.0,2085.0,93.0,163.0,55609.27386934673
580,396,Toyota,Echo,Asia,Front,11290.0,10642.0,1.5,4.0,108.0,35.0,43.0,2055.0,93.0,163.0,55609.27386934673
581,397,Toyota,Camry,Asia,Front,19560.0,17558.0,2.4,4.0,157.0,24.0,33.0,3086.0,107.0,189.0,313795.0
582,398,Toyota,Camry,Asia,Front,22775.0,20325.0,3.0,6.0,210.0,21.0,29.0,3296.0,107.0,189.0,313795.0
583,399,Toyota,Camry,Asia,Front,19635.0,17722.0,2.4,4.0,157.0,24.0,33.0,3175.0,107.0,193.0,313795.0
584,400,Toyota,Camry,Asia,Front,21965.0,19819.0,3.3,6.0,225.0,20.0,29.0,3417.0,107.0,193.0,313795.0
585,401,Toyota,Camry,Asia,Front,25920.0,23125.0,3.0,6.0,210.0,21.0,29.0,3362.0,107.0,189.0,313795.0
586,402,Toyota,Camry,Asia,Front,26510.0,23908.0,3.3,6.0,225.0,20.0,29.0,3439.0,107.0,193.0,313795.0
587,403,Toyota,Avalon,Asia,Front,26560.0,23693.0,3.0,6.0,210.0,21.0,29.0,3417.0,107.0,192.0,18280.0
588,404,Toyota,Avalon,Asia,Front,30920.0,27271.0,3.0,6.0,210.0,21.0,29.0,3439.0,107.0,192.0,18280.0
589,405,Toyota,Sienna,Asia,Front,23495.0,21198.0,3.3,6.0,230.0,19.0,27.0,4120.0,119.0,200.0,14782.0
590,406,Toyota,Sienna,Asia,Front,28800.0,25690.0,3.3,6.0,230.0,19.0,27.0,4165.0,119.0,200.0,14782.0
591,407,Toyota,Celica,Asia,Front,22570.0,20363.0,1.8,4.0,180.0,24.0,33.0,2500.0,102.0,171.0,55609.27386934673
592,408,Toyota,MR2,Asia,Rear,25130.0,22787.0,1.8,4.0,138.0,26.0,32.0,2195.0,97.0,153.0,55609.27386934673
593,409,Toyota,Tacoma,Asia,Rear,12800.0,11879.0,2.4,4.0,142.0,22.0,27.0,2750.0,103.0,191.0,252490.0
594,410,Toyota,Tundra,Asia,Rear,16495.0,14978.0,3.4,6.0,190.0,16.0,18.0,3925.0,128.0,218.0,81959.0
595,411,Toyota,Tundra,Asia,All,25935.0,23520.0,3.4,6.0,190.0,14.0,17.0,4435.0,128.0,218.0,81959.0
596,412,Toyota,Matrix,Asia,Front,16695.0,15156.0,1.8,4.0,130.0,29.0,36.0,2679.0,102.0,171.0,55609.27386934673
597,632,Toyota,86,,,32462.695454545454,29732.477272727272,,,,,,,,,1044.0
598,633,Toyota,C-HR,,,32462.695454545454,29732.477272727272,,,,,,,,,35707.0
599,634,Toyota,FJ,,,32462.695454545454,29732.477272727272,,,,,,,,,1.0
600,635,Toyota,GR86,,,32462.695454545454,29732.477272727272,,,,,,,,,109.0
601,636,Toyota,Mirai,,,32462.695454545454,29732.477272727272,,,,,,,,,2629.0
602,637,Toyota,Supra,,,32462.695454545454,29732.477272727272,,,,,,,,,6830.0
603,638,Toyota,Venza,,,32462.695454545454,29732.477272727272,,,,,,,,,61718.0
604,639,Toyota,Yaris,,,32462.695454545454,29732.477272727272,,,,,,,,,205.0
605,413,Volkswagen,Touareg,Europe,All,35515.0,32243.0,3.2,6.0,220.0,15.0,20.0,5086.0,112.0,187.0,55609.27386934673
606,414,Volkswagen,Golf,Europe,Front,18715.0,17478.0,2.0,4.0,115.0,24.0,31.0,2897.0,99.0,165.0,6537.0
607,415,Volkswagen,GTI,Europe,Front,19825.0,18109.0,1.8,4.0,180.0,24.0,31.0,2934.0,99.0,168.0,55609.27386934673
608,416,Volkswagen,Jetta,Europe,Front,21055.0,19638.0,1.9,4.0,100.0,38.0,46.0,3003.0,99.0,172.0,55113.0
609,417,Volkswagen,Jetta,Europe,Front,23785.0,21686.0,2.8,6.0,200.0,21.0,30.0,3179.0,99.0,172.0,55113.0
610,418,Volkswagen,Jetta,Europe,Front,19005.0,17427.0,2.0,4.0,115.0,24.0,30.0,3034.0,99.0,174.0,55113.0
611,419,Volkswagen,New,Europe,Front,21055.0,19638.0,1.8,4.0,150.0,24.0,31.0,2820.0,99.0,161.0,55609.27386934673
612,420,Volkswagen,New,Europe,Front,23215.0,21689.0,2.0,4.0,115.0,24.0,30.0,3082.0,99.0,161.0,55609.27386934673
613,421,Volkswagen,Passat,Europe,Front,23955.0,21898.0,1.8,4.0,170.0,22.0,31.0,3241.0,106.0,185.0,24398.0
614,422,Volkswagen,Passat,Europe,Front,33180.0,30583.0,2.8,6.0,190.0,19.0,26.0,3721.0,106.0,185.0,24398.0
615,423,Volkswagen,Passat,Europe,Front,39235.0,36052.0,4.0,8.0,270.0,18.0,25.0,3953.0,106.0,185.0,24398.0
616,424,Volkswagen,Passat,Europe,Front,24955.0,22801.0,1.8,4.0,170.0,22.0,31.0,3338.0,106.0,184.0,24398.0
617,425,Volkswagen,Passat,Europe,Front,40235.0,36956.0,4.0,8.0,270.0,18.0,25.0,4067.0,106.0,184.0,24398.0
618,426,Volkswagen,Phaeton,Europe,Front,65000.0,59912.0,4.2,8.0,335.0,16.0,22.0,5194.0,118.0,204.0,55609.27386934673
619,427,Volkswagen,Phaeton,Europe,Front,75000.0,69130.0,6.0,12.0,420.0,12.0,19.0,5399.0,118.0,204.0,55609.27386934673
620,640,Volkswagen,Arteon,,,32462.695454545454,29732.477272727272,,,,,,,,,5537.0
621,641,Volkswagen,Atlas,,,32462.695454545454,29732.477272727272,,,,,,,,,72383.0
622,642,Volkswagen,Atlas,,,32462.695454545454,29732.477272727272,,,,,,,,,44304.0
623,643,Volkswagen,ID.4,,,32462.695454545454,29732.477272727272,,,,,,,,,16745.0
624,644,Volkswagen,Taos,,,32462.695454545454,29732.477272727272,,,,,,,,,31703.0
625,645,Volkswagen,Tiguan,,,32462.695454545454,29732.477272727272,,,,,,,,,109742.0
626,428,Volvo,XC90,Europe,All,41250.0,38851.0,2.9,6.0,268.0,15.0,20.0,4638.0,113.0,189.0,38657.0
627,429,Volvo,S40,Europe,Front,25135.0,23701.0,1.9,4.0,170.0,22.0,29.0,2767.0,101.0,178.0,55609.27386934673
628,430,Volvo,S60,Europe,All,31745.0,29916.0,2.5,5.0,208.0,20.0,27.0,3903.0,107.0,180.0,55609.27386934673
629,431,Volvo,S60,Europe,Front,34845.0,32902.0,2.3,5.0,247.0,20.0,28.0,3766.0,107.0,180.0,55609.27386934673
630,432,Volvo,S60,Europe,All,37560.0,35382.0,2.5,5.0,300.0,18.0,25.0,3571.0,107.0,181.0,55609.27386934673
631,433,Volvo,S80,Europe,Front,37730.0,35542.0,2.9,6.0,208.0,20.0,28.0,3576.0,110.0,190.0,55609.27386934673
632,434,Volvo,S80,Europe,All,37885.0,35688.0,2.5,5.0,194.0,20.0,27.0,3691.0,110.0,190.0,55609.27386934673
633,435,Volvo,S80,Europe,Front,45210.0,42573.0,2.9,6.0,268.0,19.0,26.0,3653.0,110.0,190.0,55609.27386934673
634,436,Volvo,C70,Europe,Front,40565.0,38203.0,2.4,5.0,197.0,21.0,28.0,3450.0,105.0,186.0,55609.27386934673
635,437,Volvo,C70,Europe,Front,42565.0,40083.0,2.3,5.0,242.0,20.0,26.0,3450.0,105.0,186.0,55609.27386934673
636,438,Volvo,V40,Europe,Front,26135.0,24641.0,1.9,4.0,170.0,22.0,29.0,2822.0,101.0,180.0,55609.27386934673
637,439,Volvo,XC70,Europe,All,35145.0,33112.0,2.5,5.0,208.0,20.0,27.0,3823.0,109.0,186.0,55609.27386934673
638,646,Volvo,60-Series,,,32462.695454545454,29732.477272727272,,,,,,,,,14846.0
639,647,Volvo,90-Series,,,32462.695454545454,29732.477272727272,,,,,,,,,1495.0
640,648,Volvo,C40,,,32462.695454545454,29732.477272727272,,,,,,,,,42.0
641,649,Volvo,XC40,,,32462.695454545454,29732.477272727272,,,,,,,,,26802.0
642,650,Volvo,XC60,,,32462.695454545454,29732.477272727272,,,,,,,,,41582.0
