Make,Model,Jan,Feb,Mar,Apr,May,Jun,Jul,Aug,Sep,Oct,Nov,Dec,Sum
Acura,ILX,914,819,"1,253","1,312","1,842","2,093","1,957","1,018",422,209,700,"1,361",13900
Acura,MDX,"2,827","5,379","8,782","7,685","7,041","5,077","4,290","4,632","2,101","3,157","3,551","5,535",60057
Acura,NSX,6,4,7,12,15,16,7,31,20,5,-,1,124
Acura,RDX,"3,386","3,520","4,706","4,576","5,864","5,638","5,789","5,842","4,915","5,313","3,976","3,488",57013
Acura,RLX,59,43,42,26,16,12,7,1,3,3,-,2,214
Acura,TLX,"1,312","1,788","3,041","2,848","3,375","3,048","2,800","2,768","1,952","1,368","1,147",653,26100
Alfa,Romeo,8,8,9,15,14,15,3,3,3,-,-,-,78
Alfa,Romeo,661,661,743,749,720,749,618,595,618,507,507,507,7635
Alfa,Romeo,818,818,921,931,895,931,908,874,908,845,845,845,10539
Audi,A3,425,425,478,1,-,-,25,24,25,328,328,328,2387
Audi,A4,"1,623","1,623","1,826","2,408","2,315","2,408",784,755,784,579,579,579,16263
Audi,A5,"1,362","1,362","1,533","2,285","2,197","2,285","1,071","1,031","1,071",977,977,977,17128
Audi,A6,996,996,"1,121","1,445","1,389","1,445",406,391,406,316,316,316,9543
Audi,A7,316,316,356,446,429,446,155,149,155,104,104,104,3080
Audi,A8,141,141,159,227,218,227,219,211,219,102,102,102,2068
Audi,e-Tron,-,-,-,-,-,-,156,150,156,255,255,255,1227
Audi,e-Tron,-,-,-,-,-,-,41,39,41,128,128,128,505
Audi,eTron,"1,384","1,384","1,557",556,535,556,110,106,110,660,660,660,8278
Audi,Q3,"2,744","2,744","3,087","3,333","3,205","3,333","2,814","2,710","2,814","2,560","2,560","2,560",34464
Audi,Q4,-,-,-,-,-,-,-,-,-,15,15,15,45
Audi,Q4,-,-,-,-,-,-,-,-,-,6,6,6,18
Audi,Q5,"4,714","4,714","5,303","6,360","6,115","6,360","5,519","5,315","5,519","3,460","3,460","3,460",60299
Audi,Q7,"2,468","2,468","2,777","3,374","3,244","3,374","1,565","1,507","1,565","1,007","1,007","1,007",25363
Audi,Q8,"1,156","1,156","1,300","1,693","1,628","1,693",857,825,857,458,458,458,12539
Audi,R8,47,47,53,70,68,70,47,46,47,51,51,51,648
Audi,TT,85,85,96,117,112,117,72,69,72,54,54,54,987
BMW,2-Series,"1,698","1,698","1,911","1,362","1,309","1,362","1,084","1,044","1,084","1,044","1,044","1,044",15684
BMW,3-Series,"3,016","3,016","3,393","4,845","4,659","4,845","4,587","4,417","4,587","4,031","4,031","4,031",49458
BMW,4-Series,"1,531","1,531","1,723","2,616","2,516","2,616","1,273","1,226","1,273","2,211","2,211","2,211",22938
BMW,5-Series,"2,059","2,059","2,316","2,454","2,360","2,454","1,632","1,572","1,632","1,995","1,995","1,995",24523
BMW,6-Series,13,13,15,2,2,2,2,2,2,1,1,1,56
BMW,7-Series,614,614,691,674,648,674,699,673,699,573,573,573,7705
BMW,8-Series,481,481,541,770,740,770,614,592,614,720,720,720,7763
BMW,i3,109,109,122,173,166,173,144,138,144,66,66,66,1476
BMW,i8,3,3,3,1,1,1,1,1,1,2,2,2,21
BMW,X1,"1,270","1,270","1,428","2,044","1,966","2,044","1,186","1,142","1,186","1,573","1,573","1,573",18255
BMW,X2,428,428,481,685,659,685,508,489,508,564,564,564,6563
BMW,X3,"4,796","4,796","5,396","7,187","6,911","7,187","5,981","5,759","5,981","7,288","7,288","7,288",75858
BMW,X4,538,538,606,901,867,901,851,819,851,"1,250","1,250","1,250",10622
BMW,X5,"4,064","4,064","4,572","5,586","5,371","5,586","4,231","4,074","4,231","6,315","6,315","6,315",60724
BMW,X6,652,652,734,869,836,869,696,670,696,972,972,972,9590
BMW,X7,"1,524","1,524","1,715","2,200","2,116","2,200","1,752","1,687","1,752","2,192","2,192","2,192",23046
BMW,Z4,62,109,70,235,226,235,281,271,281,214,214,214,2412
Buick,Enclave,"3,397","3,397","3,822","5,097","4,901","5,097","2,573","2,477","2,573","2,875","2,875","3,256",42340
Buick,Encore,"1,993","1,993","2,242","3,048","2,931","3,048","1,354","1,304","1,354",268,268,635,20438
Buick,Encore,"5,899","5,899","6,637","8,862","8,521","8,862","5,569","5,363","5,569","3,356","3,356","4,508",72401
Buick,Envision,"3,352","3,352","3,771","5,243","5,041","5,243","3,767","3,628","3,767","3,095","3,095","3,819",47173
Buick,LaCrosse,-,-,-,3,3,3,-,-,-,-,-,-,9
Buick,Regal,-,-,-,6,6,6,-,-,-,-,-,1,19
Cadillac,CT4,841,841,946,778,748,-,"1,091",301,313,465,465,465,7254
Cadillac,CT5,"1,400","1,400","1,575",828,796,-,"1,102",264,274,603,603,603,9448
Cadillac,CT6,-,-,-,35,33,-,35,-,-,-,-,-,103
Cadillac,CTS,-,-,-,-,33,-,35,-,-,-,-,-,68
Cadillac,Escalade,"3,149","3,149","3,543","3,672","3,531",-,"7,089","3,291","3,417","3,221","3,221","3,221",40504
Cadillac,XT4,"1,745","1,745","1,963",848,816,-,"1,039",184,191,"1,015","1,015","1,015",11576
Cadillac,XT5,"2,807","2,807","3,158","3,570","3,433",-,"5,428","1,789","1,858","1,176","1,176","1,176",28378
Cadillac,XT6,"1,917","1,917","2,156","2,415","2,322",-,"3,961","1,489","1,546",980,980,980,20663
Chevrolet,Blazer,"6,165","6,165","6,935","6,952","6,685","6,952","3,538","3,407","3,538","6,662","6,662","6,662",70323
Chevrolet,Bolt,"2,888","2,888","3,249","3,803","3,657","3,803","1,524","1,467","1,524",8,8,8,24827
Chevrolet,Camaro,"2,268","2,268","2,552",943,906,943,"1,756","1,691","1,756","2,270","2,270","2,270",21893
Chevrolet,Colorado,"7,707","7,707","8,670","4,989","4,797","4,989","4,285","4,126","4,285","7,151","7,151","7,151",73008
Chevrolet,Corvette,"2,116","2,116","2,380","2,692","2,588","2,692","3,431","3,304","3,431","2,764","2,764","2,764",33042
Chevrolet,Equinox,"20,230","20,230","22,758","18,723","18,003","18,723","10,950","10,544","10,950","4,738","4,738","4,738",165325
Chevrolet,Express,"5,401","5,401","6,076","4,238","4,075","4,238","2,417","2,327","2,417","2,589","2,589","2,589",44357
Chevrolet,Impala,148,148,166,85,82,85,9,9,9,3,3,3,750
Chevrolet,Malibu,"8,636","8,636","9,715","1,654","1,591","1,654",91,87,91,"2,407","2,407","2,407",39376
Chevrolet,Silverado,"40,509","40,509","45,573","55,623","53,484","55,623","41,535","39,997","41,535","38,459","38,459","38,459",529765
Chevrolet,Sonic,341,341,383,151,145,151,17,17,17,6,6,6,1581
Chevrolet,Spark,"3,682","3,682","4,142","2,618","2,518","2,618","1,265","1,218","1,265",484,484,484,24460
Chevrolet,Suburban,"3,566","40,509","4,011","4,516","4,342","4,516","3,263","3,142","3,263","4,677","4,677","4,677",85159
Chevrolet,Tahoe,"7,369","7,369","8,290","9,423","9,061","9,423","8,168","7,866","8,168","10,294","10,294","10,294",106019
Chevrolet,TrailBlazer,"8,008","8,008","9,009","7,882","7,579","7,882","8,617","8,298","8,617","5,421","5,421","5,421",90163
Chevrolet,Traverse,"12,172","12,172","13,693","15,328","14,738","15,328","3,634","3,499","3,634","7,351","7,351","7,351",116251
Chevrolet,Trax,"5,426","5,426","6,104","6,109","5,874","6,109","2,112","2,034","2,112",428,428,428,42590
Chrysler,200,-,-,-,1,1,1,1,1,1,3,3,3,15
Chrysler,300,"1,726","1,725","1,942","1,914","1,840","1,914","1,205","1,160","1,205",677,677,677,16662
Chrysler,Pacifica,"10,989",-,-,"4,467","4,295","4,467","4,027","3,878","4,027","12,940","12,940","12,940",74970
Chrysler,Town,-,"10,989","12,363",-,-,-,-,-,-,1,1,1,23355
Dodge,Challenger,"4,831","4,831","5,435","5,082","4,887","5,082","4,723","4,548","4,723","3,391","3,391","3,391",54315
Dodge,Charger,"6,317","6,317","7,106","7,551","7,261","7,551","6,546","6,303","6,546","5,630","5,630","5,630",78388
Dodge,Dart,1,-,-,1,-,-,1,1,1,1,2,2,10
Dodge,Durango,"6,579","6,579","7,402","6,029","5,797","6,029","4,899","4,718","4,899","4,335","4,335","4,335",65936
Dodge,Grand,547,547,615,391,376,391,30,29,30,27,27,27,3037
Dodge,Journey,"2,202","2,202","2,477","1,987","1,911","1,987",358,345,358,69,69,69,14034
Dodge,Viper,1,1,1,-,-,-,-,-,-,1,1,1,6
Fiat,124,153,152,173,134,129,134,20,19,20,7,7,7,955
Fiat,500,1,1,1,3,3,3,2,2,2,11,11,11,51
Fiat,500L,22,22,25,28,27,28,8,8,8,4,4,4,188
Fiat,500X,85,85,95,136,131,136,105,101,105,67,67,67,1180
Ford,Bronco,-,-,-,-,-,801,"3,277","2,730","3,396","7,364","8,287","9,168",35023
Ford,Bronco,"8,050","5,526","9,780","13,856","14,947","8,355","2,306","6,698","11,686","9,201","11,486","6,278",108169
Ford,E-Series,"3,036","3,956","3,581","2,549","2,086","2,127","2,468","3,437","3,227","4,078","2,771","3,806",37122
Ford,EcoSport,"4,382","3,596","4,900","4,987","4,919","3,520","4,240","2,153","1,797","1,398","1,775","2,992",40659
Ford,Edge,"6,837","6,495","8,818","8,046","5,077","4,082","3,349","5,509","6,738","9,329","9,489","11,456",85225
Ford,Escape,"11,190","11,853","17,947","15,680","19,951","8,871","4,141","10,696","11,462","13,500","9,420","10,704",145415
Ford,Expedition,"5,109","7,228","9,926","8,880","8,912","7,453","5,457","5,355","5,884","5,648","4,577","7,559",81988
Ford,Explorer,"18,095","20,745","26,404","27,040","16,512","9,445","13,351","8,490","20,092","20,714","18,268","20,715",219871
Ford,F-Series,"55,276","64,478","84,043","66,302","46,260","45,672","52,314","57,321","63,164","68,259","60,418","62,496",726003
Ford,Fusion,"2,677","2,219","2,993","1,838","1,210",516,124,59,42,33,23,47,11781
Ford,GT,7,15,11,13,8,9,19,11,10,12,14,14,143
Ford,Maverick,-,-,-,-,-,-,-,-,506,"4,140","2,582","6,030",13258
Ford,Mustang,"4,324","5,653","7,267","8,000","4,436","2,240","4,124","2,263","2,728","3,076","3,709","4,564",52384
Ford,Mustang,238,"3,739","2,637","1,951","1,945","2,465","2,854","1,448","1,578","2,848","3,088","2,349",27140
Ford,Ranger,"6,102","6,954","11,110","12,801","14,303","7,101","5,960","3,271","5,104","7,218","7,839","6,992",94755
Ford,Transit,"7,498","9,189","10,764","11,445","8,381","4,436","8,984","8,163","9,939","7,862","4,563","8,521",99745
Ford,Transit,"2,015","2,524","3,084","3,207","3,430","2,680","1,712",585,384,"1,438","2,682","2,371",26112
Genesis,G70,532,563,769,801,"1,021","1,103",987,996,947,"1,196","1,122",681,10718
Genesis,G80,649,420,443,434,501,545,586,620,399,527,486,421,6031
Genesis,G90,121,136,158,164,167,116,127,108,169,203,181,171,1821
Genesis,GV70,-,-,-,-,2,576,"1,568","1,525","1,603","1,869","1,604","1,988",10735
Genesis,GV80,"1,521","1,283","1,636","1,895","2,037","1,714","1,912","1,726","1,749","1,505","1,609","1,738",20325
GMC,Acadia,"6,386","6,386","7,184","8,869","8,528","8,869","3,192","3,074","3,192","1,411","1,411","1,411",59913
GMC,Canyon,"2,286","2,286","2,572","1,805","1,736","1,805","1,849","1,781","1,849","2,052","2,052","2,052",24125
GMC,Savana,"20,133","1,871","2,105","1,838","1,768","1,838",748,720,748,"1,413","1,413","1,413",36008
GMC,Sierra,"20,133","20,133","22,650","25,492","24,511","25,492","17,811","17,152","17,811","19,246","19,246","19,246",248923
GMC,Terrain,"5,413","5,413","6,090","5,611","5,395","5,611","3,342","3,218","3,342","1,351","1,351","1,351",47488
GMC,Yukon,"5,907","5,907","6,645","8,056","7,746","8,056","5,882","5,664","5,882","8,166","8,166","8,166",84243
Honda,Accord,"13,330","13,293","19,968","21,035","26,299","20,782","16,531","14,576","12,174","15,386","14,867","14,435",202676
Honda,Civic,"15,475","15,906","24,522","28,414","35,962","32,677","28,318","19,654","15,647","13,399","12,927","20,886",263787
Honda,Clarity,263,420,464,419,330,207,126,117,82,84,42,43,2597
Honda,CR-V,"25,806","30,249","37,711","40,779","42,090","36,564","31,530","27,928","17,483","25,393","20,682","25,056",361271
Honda,Fit,"1,954","1,724","2,387","1,717",729,162,15,5,2,-,-,-,8695
Honda,HR-V,"6,369","8,181","11,625","13,005","15,242","14,019","13,832","10,836","12,289","11,667","10,193","9,832",137090
Honda,Insight,960,"1,217","1,682","1,871","1,980","2,157","2,054","2,370","1,976","1,939",-,479,18685
Honda,Odyssey,"5,336","5,537","9,193","9,022","10,071","8,397","6,831","7,363","5,691","2,704","2,394","3,586",76125
Honda,Passport,"3,010","3,686","4,914","5,239","5,092","4,753","4,594","4,681","6,045","3,719","2,791","4,609",53133
Honda,Pilot,"8,602","10,689","12,160","13,915","16,480","14,714","14,506","11,371","12,230","9,480","7,629","11,286",143062
Honda,Ridgeline,"2,616","3,873","6,081","4,607","4,387","2,806","2,355","1,463","2,684","3,257","3,410","3,816",41355
Hyundai,Accent,"1,036","1,448","1,788","2,711","2,162",959,"1,852","1,067","1,067","2,863","1,071",844,18868
Hyundai,Elantra,"7,242","6,253","12,598","14,358","18,821","14,785","13,103","10,942","10,942","8,447","4,676","5,193",127360
Hyundai,Ioniq,937,"1,258","1,930","1,364","2,174","3,444","1,619","1,060","1,060","1,621","1,347","1,361",19175
Hyundai,Ioniq,-,-,-,-,-,-,-,-,-,-,-,153,153
Hyundai,Kona,"5,233","6,691","10,416","10,267","9,731","8,388","8,576","5,582","5,582","8,440","5,402","5,299",89607
Hyundai,Nexo,23,25,30,18,16,22,53,43,43,63,48,37,421
Hyundai,Palisade,"5,669","6,354","9,184","8,278","8,051","5,965","5,505","7,705","7,705","8,670","6,314","6,882",86282
Hyundai,Santa,-,-,-,-,-,-,81,"1,252","1,252","1,848","2,201","3,000",9634
Hyundai,Santa,"8,714","8,318","11,538","10,470","12,868","11,202","12,766","7,207","7,207","7,040","6,677","8,698",112705
Hyundai,Sonata,"5,020","6,202","9,335","10,216","13,487","9,938",-,"8,277","8,277","5,561","3,607","3,514",83434
Hyundai,Tiburon,-,-,"15,744",-,-,-,-,-,-,-,-,-,15744
Hyundai,Tuscon,"7,980","9,423","15,744","16,901","18,848","14,621",-,"11,151","11,151","9,735","11,325","13,842",140721
Hyundai,Veloster,193,222,272,322,244,108,-,146,146,218,-,71,1942
Hyundai,Venue,"1,347","1,869","2,568",-,"3,615","3,033",-,"1,768","1,768","2,255",-,"2,446",20669
Infiniti,Q50,"1,377","1,377","1,549","1,411","1,357","1,411",979,943,979,837,837,837,13894
Infiniti,Q60,220,220,247,284,273,284,228,220,228,175,175,175,2729
Infiniti,QX50,"2,056","2,056","2,313","2,473","2,378","2,473","1,094","1,054","1,094",735,735,735,19196
Infiniti,QX55,-,-,-,419,403,419,586,564,586,452,452,452,4333
Infiniti,QX60,"1,061","1,061","1,193",335,322,335,23,22,23,485,485,485,5830
Infiniti,QX80,"1,389","1,389","1,563","1,111","1,068","1,111",690,664,690,966,966,966,12573
Jaguar,E-Pace,232,232,261,296,285,296,169,163,169,267,267,267,2904
Jaguar,F-Pace,660,660,743,939,900,936,641,618,641,833,833,833,9237
Jaguar,F-Type,195,195,220,170,163,170,101,98,101,233,233,233,2112
Jaguar,I-Pace,82,82,92,121,116,121,68,65,68,200,200,200,1415
Jaguar,XE,50,50,56,2,2,2,3,3,3,33,33,33,270
Jaguar,XF,73,73,82,120,115,120,68,65,68,133,133,133,1183
Jaguar,XJ,3,3,4,3,3,3,3,3,3,-,-,-,28
Jeep,Cherokee,"12,135","12,135","13,652","9,872","9,492","9,872","3,912","3,767","3,912","3,459","3,459","3,459",89126
Jeep,Compass,"6,387","6,387","7,185","4,793","4,609","4,793","8,058","7,759","8,058","5,871","5,871","5,871",75642
Jeep,Gladiator,"6,023","6,023","6,776","10,117","9,728","10,117","7,652","7,369","7,652","6,085","6,085","6,085",89712
Jeep,Grand,"17,663","17,663","19,871","17,804","17,119","17,804","24,200","23,304","24,200","24,939","24,939","24,939",254445
Jeep,Grand,-,-,-,-,-,-,-,-,90,862,862,862,2676
Jeep,Patriot,-,-,-,1,1,1,1,1,1,3,3,3,15
Jeep,Renegade,"5,119","5,119","5,759","5,165","4,967","5,165","3,599","3,465","3,599","1,727","1,727","1,727",47138
Jeep,Wagoneer,-,-,-,-,-,-,-,-,42,"1,769","1,769","1,769",5349
Jeep,Wrangler,"15,887","15,887","17,873","23,305","22,409","23,305","15,540","14,964","15,540","13,300","13,300","13,300",204610
Kia,Cadenza,55,46,54,25,13,32,8,1,15,-,-,-,249
Kia,Carnival,-,573,"1,467","2,383","3,742",-,-,-,-,-,"1,252","1,113",10530
Kia,Forte,"7,021","7,370","10,459","9,626","13,323","11,482","12,423","9,258","9,186","7,523","6,741","8,639",113051
Kia,K5,"5,443","6,218","8,717",-,"12,459","8,641","9,233","7,263","5,856","7,427","5,938",-,77195
Kia,K900,20,14,22,7,4,3,2,-,11,2,-,-,85
Kia,Niro,"1,262","1,296","1,753","1,990","2,883","2,633","2,648","2,040","2,566","2,727","1,946","2,448",26192
Kia,Optima,16,-,-,-,-,-,-,-,-,-,-,-,16
Kia,Rio,"1,733","2,191","2,894","2,879","3,386","3,590","3,297","1,777","2,148","2,310","2,357","2,800",31362
Kia,Sedona,510,-,-,-,-,"3,184","3,782","2,475","2,782","1,892",-,-,14625
Kia,Seltos,"4,992","5,297","6,497","6,471","5,360","3,568","4,412","2,822","2,933","3,274","2,689","3,053",51368
Kia,Sorento,"5,302","5,730","8,692","10,040","11,144","7,405","5,750","4,080","4,112","6,195","6,845","6,490",81785
Kia,Soul,"5,377","4,915","6,899","6,770","7,716","7,103","7,838","7,536","6,191","6,289","4,505","3,987",75126
Kia,Sportage,-,"7,033","9,471","8,094","11,035","11,828","10,626","8,182","6,596","5,459","4,330","6,034",88688
Kia,Stinger,695,742,"1,007","1,193","1,457","1,404","1,419","1,228","1,232","1,274",948,918,13517
Kia,Telluride,"6,626","6,637","8,591","8,195","7,776","7,613","8,661","7,347","9,278","7,695","7,767","7,519",93705
Land,Rover,"1,572","1,572","1,769","1,035",995,"1,035","1,249","1,203","1,249","2,467","2,467","2,467",19080
Land,Rover,126,126,141,373,359,373,439,423,439,533,533,533,4398
Land,Rover,793,793,892,386,371,386,540,520,540,667,667,667,7222
Land,Rover,911,911,"1,092","1,138","1,094","1,138","1,215","1,170","1,215","2,467","2,467","2,467",17285
Land,Rover,782,782,879,452,435,452,405,390,405,733,733,733,7181
Land,Rover,"1,837","1,837","2,067","1,249","1,201","1,249","1,283","1,235","1,283","2,700","2,700","2,700",21341
Land,Rover,684,684,769,"1,193","1,147","1,193","1,249","1,203","1,249","1,300","1,300","1,300",13271
Lexus,ES,"2,654","2,874","4,664","3,251","4,996","4,353","4,669","3,827","2,765","3,587","3,738","4,028",45406
Lexus,GS,31,14,7,12,5,1,5,-,-,-,-,1,76
Lexus,GX,"2,060","2,280","3,337","2,641","2,938","2,150","2,607","3,016","2,830","3,564","2,079","3,007",32509
Lexus,IS,"1,609","1,905","2,514","2,414","2,774","2,177","2,795","2,436","1,536",359,86,"1,393",21998
Lexus,LC,213,203,238,306,335,280,313,244,240,178,87,145,2782
Lexus,LS,383,351,403,372,404,338,382,365,314,163,86,178,3739
Lexus,LX,493,423,424,417,338,194,"22,635",114,223,155,90,510,26016
Lexus,NX,"3,844","4,152","6,466","5,404","6,453","5,747","6,827","6,878","4,773","4,133","2,321","1,516",58514
Lexus,RC,213,207,357,312,302,311,368,416,234,121,52,94,2987
Lexus,RX,"7,086","7,905","12,950","10,146","8,953","9,604","11,307","8,102","8,572","9,416","9,685","11,594",115320
Lexus,UX,"1,055","1,112","1,826","1,753","2,226","1,552","1,712","1,831","1,210",955,772,"1,577",17581
Lincoln,Aviator,"1,939","1,615","2,532","2,844","1,927",999,"1,126",766,"1,726","2,134","1,676","1,640",20924
Lincoln,Continental,263,231,274,258,171,76,84,24,14,16,13,36,1460
Lincoln,Corsair,"2,019","2,116","2,979","2,821","2,348","1,224",599,859,"2,040","2,535","1,423","1,827",22790
Lincoln,MKX/Nautilus,"1,740","2,589","2,043","2,609","2,104","1,342","1,416","2,667","2,666","2,458","2,340","1,469",25443
Lincoln,MKZ,425,398,415,267,101,27,14,12,6,5,8,3,1681
Lincoln,Navigator,"1,355","1,715","1,762","1,669","1,492","1,235",998,826,"1,195","1,198",966,"1,220",15631
Mazda,3,"3,046","7,275","3,863","3,794","4,525","3,323","3,927","2,463","2,595","2,514","2,501","2,019",41845
Mazda,5,-,60,-,-,-,-,-,-,-,-,-,-,60
Mazda,6,"1,398","3,617","1,560","1,517","2,335","1,889","1,778","1,435","1,032",815,586,542,18504
Mazda,CX-3,374,"1,793",620,893,967,667,647,380,32,1,-,-,6374
Mazda,CX-30,"3,624",-,"5,960","5,532","7,959","5,824","5,598","4,391","3,581","3,147","4,404","5,160",55180
Mazda,CX-5,"13,583","7,579","15,080","14,883","20,595","16,393","16,299","15,329","13,094","10,177","10,509","10,419",163940
Mazda,CX-9,"2,698",461,"3,537","3,188","4,409","3,282","3,264","2,383","2,887","2,373","2,311","1,010",31803
Mazda,MX-30,-,-,-,-,-,-,-,-,-,-,-,61,61
Mazda,MX-5,536,759,"1,371","1,310","1,397","1,227","1,226",881,824,492,236,211,10470
Mercedes-Benz,A-Class,"1,052","1,052","1,184",886,852,886,327,315,327,409,409,409,8108
Mercedes-Benz,AMG,388,388,436,377,363,377,161,155,161,101,101,101,3109
Mercedes-Benz,C-Class,"2,463","2,463","2,771","3,410","3,279","3,410","3,810","3,669","3,810",577,577,577,30816
Mercedes-Benz,CLA-Class,759,759,854,785,755,785,197,190,197,514,514,514,6823
Mercedes-Benz,E,"2,624","2,624","2,952","2,399","2,307","2,399",786,757,786,"1,104","1,104","1,104",20946
Mercedes-Benz,EQS-Sedan,-,-,-,-,-,-,-,-,-,-,-,443,443
Mercedes-Benz,G-Class,547,547,615,966,929,966,562,541,562,762,762,762,8521
Mercedes-Benz,GL/GLS-Class,"2,411","2,411","2,712","2,198","2,113","2,198","1,233","1,188","1,233","2,256","2,256","2,256",24465
Mercedes-Benz,GLA-Class,"1,720","1,720","1,935","1,770","1,702","1,770",367,353,367,873,873,873,14323
Mercedes-Benz,GLB,"2,266","2,266","2,549","3,498","3,364","3,498","1,834","1,766","1,834","1,267","1,267","1,267",26676
Mercedes-Benz,GLC/GLK-Class,"4,982","4,982","5,605","4,923","4,734","4,923","2,694","2,594","2,694","4,558","4,558","4,558",51805
Mercedes-Benz,GLE-Class,"5,334","5,334","6,000","6,428","6,181","6,428","4,007","3,858","4,007","5,832","5,832","5,832",65073
Mercedes-Benz,Metris,933,"1,049","1,049",611,588,611,"1,084","1,044","1,084","1,667","1,667","1,667",13054
Mercedes-Benz,S-Class,334,334,375,126,121,126,"2,623","2,524","2,621","1,700","1,700","1,700",14284
Mercedes-Benz,SL-Class,100,100,112,45,43,45,2,5,5,1,1,1,460
Mercedes-Benz,SLC-Class,63,63,71,8,8,8,-,2,2,-,-,-,225
Mercedes-Benz,Sprinter,"2,798","2,798","3,148","2,783","2,676","2,783","4,335","4,174","4,335","3,568","3,568","3,568",40534
Mini,Cooper,"1,319","1,319","1,484","2,077","1,997","2,077","1,347","1,297","1,347","5,224","1,741","1,741",22970
Mini,Countryman,692,692,778,"1,077","1,035","1,077",828,797,828,"2,636",879,879,12198
Mitsubishi,Eclipse,507,507,570,937,901,937,872,839,872,668,668,668,8946
Mitsubishi,Mirage,"2,218","2,218","2,496","2,293","2,205","2,293","1,643","1,582","1,643","1,384","1,384","1,384",22743
Mitsubishi,Outlander,"1,314","1,314","1,478","2,218","2,133","2,218","3,578","3,446","3,578","4,202","4,202","4,202",33883
Mitsubishi,Outlander,81,81,91,130,125,130,340,328,340,201,201,201,2249
Mitsubishi,Outlander,"4,914","4,914","5,528","2,913","2,801","2,913","1,599","1,540","1,599","1,831","1,831","1,831",34214
Nissan,370Z,9,9,10,2,2,2,1,1,1,-,-,-,37
Nissan,Altima,"10,245","10,245","11,526","10,100","9,712","10,100","4,583","4,413","4,583","9,423","9,423","9,423",103776
Nissan,Armada,"2,431","2,431","2,735","2,464","2,369","2,464","1,279","1,232","1,279","1,377","1,377","1,377",22815
Nissan,Frontier,"3,450","3,450","3,881","5,272","5,069","5,272","3,938","3,792","3,938","7,545","7,545","7,545",60697
Nissan,GT-R,16,16,18,17,16,17,23,22,23,20,20,20,228
Nissan,Kicks,"7,815","7,815","8,792","6,598","6,344","6,598","7,011","6,751","7,011","6,075","6,075","6,075",82960
Nissan,Leaf,936,936,"1,053","1,622","1,560","1,622",791,762,791,"1,388","1,388","1,388",14237
Nissan,Maxima,"1,538","1,538","1,731","1,742","1,675","1,742",887,854,887,"1,264","1,264","1,264",16386
Nissan,Murano,"3,687","3,687","4,148","5,232","5,031","5,232","4,140","3,987","4,140","2,277","2,277","2,277",46115
Nissan,NV,"1,304","1,304","1,467","1,789","1,720","1,789",650,626,650,25,25,25,11374
Nissan,NV200,"1,772","1,772","1,994","2,375","2,283","2,375","1,467","1,413","1,467",147,147,147,17359
Nissan,Pathfinder,"2,850","2,850","3,206","1,569","1,509","1,569","5,175","4,983","5,175","4,146","4,146","4,146",41324
Nissan,Rogue,"27,750","27,750","31,219","32,270","31,029","32,270","17,671","17,016","17,671","16,985","16,985","16,985",285601
Nissan,Sentra,"11,916","11,916","13,406","13,716","13,189","13,716","11,125","10,713","11,125","5,680","5,680","5,680",127862
Nissan,Titan,"2,388","2,388","2,687","3,482","3,348","3,482","1,686","1,624","1,686","1,545","1,545","1,545",27406
Nissan,Versa,"7,166","7,166","8,062","6,391","6,145","6,391","3,121","3,006","3,121","3,448","3,448","3,448",60913
Porsche,718,482,482,542,306,294,306,254,245,254,497,497,497,4656
Porsche,911,890,890,"1,002",785,755,785,547,527,547,813,813,813,9167
Porsche,Cayenne,"1,354","1,354","1,523","2,027","1,949","2,027","1,645","1,584","1,645","1,980","1,980","1,980",21048
Porsche,Macan,"2,045","2,045","2,301","1,721","1,655","1,721","1,718","1,654","1,718","1,808","1,808","1,808",22002
Porsche,Panamera,144,144,162,427,411,427,368,354,368,250,250,250,3555
Porsche,Taycan,643,643,723,"1,134","1,091","1,134",628,605,628,506,506,506,8747
Ram,Pickup,"47,628","47,628","53,581","55,455","53,322","55,455","41,075","39,554","41,075","44,872","44,872","44,872",569389
Ram,ProMaster,"3,482","3,482","3,917","6,121","5,886","6,121","6,807","6,555","6,807","4,728","4,728","4,728",63362
Ram,ProMaster,"1,025","1,025","1,153","1,820","1,750","1,820",968,932,968,"1,039","1,039","1,039",14578
Subaru,Ascent,"4,743","4,619","5,111","4,398","4,310","5,192","5,044","5,418","18,878","5,221","5,628","6,088",74650
Subaru,BRZ,163,179,241,118,19,1,-,-,1,24,505,"1,069",2320
Subaru,CrossTrek,"10,431","10,691","14,065","12,599","10,013","6,415","13,402","11,587","11,864","10,591","6,314","9,494",127466
Subaru,Forester,"13,207","13,482","21,005","19,452","20,006","8,813","12,235","12,688","11,366","4,820","3,719","13,930",154723
Subaru,Impreza,"2,771","2,708","3,636","3,447","2,946","1,657",706,"1,287","3,665","3,512","4,300","4,156",34791
Subaru,Impreza,"1,555","1,721","2,290","3,183","3,169","2,354","2,305","2,194","2,449","2,786","1,098","2,037",27141
Subaru,Legacy,"1,746","2,234","2,325","2,464","2,101","2,051","2,375","1,980","1,419","1,315","1,027","1,729",22766
Subaru,Outback,"11,784","12,666","17,053","15,728","13,994","16,394","14,058","14,219","7,082","8,548","10,454","12,643",154623
Tesla,Model,"7,395","7,395","8,320","9,590","9,221","9,590","12,285","11,830","12,285","11,233","11,233","11,233",121610
Tesla,Model,"1,330","1,330","1,496",338,325,338,911,878,911,"1,233","1,233","1,233",11556
Tesla,Model,"1,634","1,634","1,838",371,357,371,34,33,34,333,333,333,7305
Tesla,Model,"10,761","10,761","12,106","14,452","13,896","14,452","15,120","14,560","15,120","13,433","13,433","13,433",161527
Toyota,4Runner,"12,430","11,878","12,955","11,989","11,370","9,327","11,643","13,210","10,673","13,032","11,338","14,851",144696
Toyota,86,209,222,333,172,71,27,7,1,2,-,-,-,1044
Toyota,Avalon,"1,528","1,483","2,125","2,036","1,867",109,"2,314","2,014","1,311","1,172","1,199","1,122",18280
Toyota,C-HR,"2,839","3,049","4,513","5,242","6,004","2,796","3,661","2,411","1,873","1,296","1,082",941,35707
Toyota,Camry,"21,771","23,839","32,541","29,939","37,676","31,905","32,959","27,033","19,106","17,691","19,261","20,074",313795
Toyota,Corolla,"19,266","22,346","30,908","31,222","30,433","21,356",-,"22,143","14,275","8,420","8,906","13,940",223215
Toyota,Corolla,-,-,-,-,-,-,-,-,-,826,"2,877","3,500",7203
Toyota,FJ,-,-,-,-,-,1,-,-,-,-,-,-,1
Toyota,GR86,-,-,-,-,-,-,-,-,-,-,2,107,109
Toyota,Highlander,"16,774","19,064","27,993","27,679","28,834","24,036","24,673","19,410","19,101","18,103","19,191","19,270",264128
Toyota,Land,689,567,640,750,664,240,67,25,23,23,10,13,3711
Toyota,Mirai,85,69,715,354,265,109,152,113,406,306,27,28,2629
Toyota,Prius,"3,007","4,154","6,889","8,352","10,533","5,828","5,736","4,322","2,217","2,142","1,884","3,946",59010
Toyota,RAV4,"31,364","35,813","47,078","40,895","30,018","36,027","41,145","29,681","21,426","24,994","34,689","34,609",407739
Toyota,Sequoia,674,611,752,770,795,736,728,537,508,450,704,805,8070
Toyota,Sienna,"6,944","7,838",-,-,-,-,-,-,-,-,-,-,14782
Toyota,Supra,394,503,828,987,"1,049",787,537,304,436,294,228,483,6830
Toyota,Tacoma,"18,878","20,578","26,993","24,448","23,488","24,911","23,558","19,661","18,086","14,650","17,816","19,423",252490
Toyota,Tundra,"6,334","5,819","6,981","7,512","9,595","7,624","6,444","5,876","8,828","9,750","3,446","3,750",81959
Toyota,Venza,"3,358","3,753","6,512","8,112","9,318","4,781","5,106","5,329","4,224","3,251","2,846","5,128",61718
Toyota,Yaris,47,39,45,32,29,9,1,3,-,-,-,-,205
Volkswagen,Arteon,352,352,396,568,546,568,703,677,703,224,224,224,5537
Volkswagen,Atlas,"6,150","6,150","6,918","8,391","8,069","8,391","4,610","4,439","4,610","4,885","4,885","4,885",72383
Volkswagen,Atlas,"3,617","3,617","4,069","4,905","4,716","4,905","3,125","3,009","3,125","3,072","3,072","3,072",44304
Volkswagen,Golf,505,505,568,"1,245","1,197","1,245",156,150,156,270,270,270,6537
Volkswagen,ID.4,-,-,474,"1,944","1,869","1,944","2,042","1,966","2,042","1,488","1,488","1,488",16745
Volkswagen,Jetta,"7,268","7,268","8,177","6,853","6,589",-,"3,278","3,156","3,278","3,082","3,082","3,082",55113
Volkswagen,Passat,"1,451","1,451","1,633","2,307","2,218","2,307","1,734","1,670","1,734","2,631","2,631","2,631",24398
Volkswagen,Taos,-,-,-,"1,688","1,604","1,668","4,423","4,259","4,423","4,546","4,546","4,546",31703
Volkswagen,Tiguan,"8,725","8,725","9,815","12,793","12,301","12,793","6,698","6,450","6,698","8,248","8,248","8,248",109742
Volvo,60-Series,"1,571","1,594","1,452","1,076",988,690,792,"1,153","1,097","1,029",922,"2,482",14846
Volvo,90-Series,136,253,205,128,136,96,77,85,77,70,85,147,1495
Volvo,C40,-,-,-,-,-,-,-,-,-,-,-,42,42
Volvo,XC40,"1,756","1,886","2,162","2,704","3,486","2,872","2,513","2,640","2,070","1,987","1,244","1,482",26802
Volvo,XC60,"2,196","2,757","2,937","3,610","4,417","4,675","4,505","3,266","3,220","3,032","3,043","3,924",41582
Volvo,XC90,"2,492","2,674","3,168","3,528","4,194","3,925","3,688","3,542","2,886","2,583","2,373","3,604",38657
